{"AB{0:00}06":"Loan.AffiliatedBusinessArrangements[{0}].AffiliateName","AB{0:00}16":"Loan.AffiliatedBusinessArrangements[{0}].ChargeRangeChargesDescription1","AB{0:00}17":"Loan.AffiliatedBusinessArrangements[{0}].ChargeRangeChargesDescription2","AB{0:00}18":"Loan.AffiliatedBusinessArrangements[{0}].ChargeRangeChargesDescription3","AB{0:00}19":"Loan.AffiliatedBusinessArrangements[{0}].ChargeRangeChargesDescription4","AB{0:00}20":"Loan.AffiliatedBusinessArrangements[{0}].ChargeRangeChargesDescription5","AB{0:00}21":"Loan.AffiliatedBusinessArrangements[{0}].ChargeRangeChargesDescription6","AB{0:00}02":"Loan.AffiliatedBusinessArrangements[{0}].LenderAddress","AB{0:00}03":"Loan.AffiliatedBusinessArrangements[{0}].LenderAddressCity","AB{0:00}04":"Loan.AffiliatedBusinessArrangements[{0}].LenderAddressState","AB{0:00}05":"Loan.AffiliatedBusinessArrangements[{0}].LenderAddressZipcode","AB{0:00}01":"Loan.AffiliatedBusinessArrangements[{0}].LenderName","AB{0:00}07":"Loan.AffiliatedBusinessArrangements[{0}].NatureOfRelationship","AB{0:00}28":"Loan.AffiliatedBusinessArrangements[{0}].PercentOwnershipInterest","AB{0:00}09":"Loan.AffiliatedBusinessArrangements[{0}].PurchaseSaleRefinanceIndicator","AB{0:00}22":"Loan.AffiliatedBusinessArrangements[{0}].RequiredUseIndicator1","AB{0:00}23":"Loan.AffiliatedBusinessArrangements[{0}].RequiredUseIndicator2","AB{0:00}24":"Loan.AffiliatedBusinessArrangements[{0}].RequiredUseIndicator3","AB{0:00}25":"Loan.AffiliatedBusinessArrangements[{0}].RequiredUseIndicator4","AB{0:00}26":"Loan.AffiliatedBusinessArrangements[{0}].RequiredUseIndicator5","AB{0:00}27":"Loan.AffiliatedBusinessArrangements[{0}].RequiredUseIndicator6","AB{0:00}10":"Loan.AffiliatedBusinessArrangements[{0}].ServiceDescription1","AB{0:00}11":"Loan.AffiliatedBusinessArrangements[{0}].ServiceDescription2","AB{0:00}12":"Loan.AffiliatedBusinessArrangements[{0}].ServiceDescription3","AB{0:00}13":"Loan.AffiliatedBusinessArrangements[{0}].ServiceDescription4","AB{0:00}14":"Loan.AffiliatedBusinessArrangements[{0}].ServiceDescription5","AB{0:00}15":"Loan.AffiliatedBusinessArrangements[{0}].ServiceDescription6","AB{0:00}08":"Loan.AffiliatedBusinessArrangements[{0}].SettlementIndicator","TR{0:00}02":"Loan.ClosingDocument.ClosingEntities[(ClosingEntityType == 'Trustee')][{0}].Alias","TR{0:00}09":"Loan.ClosingDocument.ClosingEntities[(ClosingEntityType == 'Trustee')][{0}].AuthorizedToSignIndicator","TR{0:00}05":"Loan.ClosingDocument.ClosingEntities[(ClosingEntityType == 'Trustee')][{0}].BorrowerPair","TR{0:00}12":"Loan.ClosingDocument.ClosingEntities[(ClosingEntityType == 'Trustee')][{0}].DateOfBirth","TR{0:00}14":"Loan.ClosingDocument.ClosingEntities[(ClosingEntityType == 'Trustee')][{0}].OccupancyIntent","TR{0:00}13":"Loan.ClosingDocument.ClosingEntities[(ClosingEntityType == 'Trustee')][{0}].OccupancyStatus","TR{0:00}11":"Loan.ClosingDocument.ClosingEntities[(ClosingEntityType == 'Trustee')][{0}].PoaSignatureText","TR{0:00}07":"Loan.ClosingDocument.ClosingEntities[(ClosingEntityType == 'Trustee')][{0}].PowerOfAttorney","TR{0:00}03":"Loan.ClosingDocument.ClosingEntities[(ClosingEntityType == 'Trustee')][{0}].Ssn","TR{0:00}01":"Loan.ClosingDocument.ClosingEntities[(ClosingEntityType == 'Trustee')][{0}].UnparsedName","TR{0:00}08":"Loan.ClosingDocument.ClosingEntities[(ClosingEntityType == 'Trustee')][{0}].Vesting","TR{0:00}10":"Loan.ClosingDocument.ClosingEntities[(ClosingEntityType == 'Trustee')][{0}].VestingGuid","TR{0:00}06":"Loan.ClosingDocument.ClosingEntities[(ClosingEntityType == 'Trustee')][{0}].VestingTrusteeOfType","TR{0:00}04":"Loan.ClosingDocument.ClosingEntities[(ClosingEntityType == 'Trustee')][{0}].VestingType","BE{0:00}05":"Loan.CurrentApplication.Employment[(Owner == 'Borrower')][{0}].AddressCity","BE{0:00}07":"Loan.CurrentApplication.Employment[(Owner == 'Borrower')][{0}].AddressPostalCode","BE{0:00}06":"Loan.CurrentApplication.Employment[(Owner == 'Borrower')][{0}].AddressState","BE{0:00}04":"Loan.CurrentApplication.Employment[(Owner == 'Borrower')][{0}].AddressStreetLine1","BE{0:00}99":"Loan.CurrentApplication.Employment[(Owner == 'Borrower')][{0}].AltId","BE{0:00}03":"Loan.CurrentApplication.Employment[(Owner == 'Borrower')][{0}].Attention","BE{0:00}39":"Loan.CurrentApplication.Employment[(Owner == 'Borrower')][{0}].BadgeOrEmployeeID","BE{0:00}19":"Loan.CurrentApplication.Employment[(Owner == 'Borrower')][{0}].BasePayAmount","BE{0:00}21":"Loan.CurrentApplication.Employment[(Owner == 'Borrower')][{0}].BonusAmount","BE{0:00}32":"Loan.CurrentApplication.Employment[(Owner == 'Borrower')][{0}].BusinessName","BE{0:00}27":"Loan.CurrentApplication.Employment[(Owner == 'Borrower')][{0}].BusinessOwnedPercent","BE{0:00}28":"Loan.CurrentApplication.Employment[(Owner == 'Borrower')][{0}].BusinessPhone","BE{0:00}22":"Loan.CurrentApplication.Employment[(Owner == 'Borrower')][{0}].CommissionsAmount","BE{0:00}09":"Loan.CurrentApplication.Employment[(Owner == 'Borrower')][{0}].CurrentEmploymentIndicator","BE{0:00}30":"Loan.CurrentApplication.Employment[(Owner == 'Borrower')][{0}].Email","BE{0:00}31":"Loan.CurrentApplication.Employment[(Owner == 'Borrower')][{0}].EmployerComments","BE{0:00}02":"Loan.CurrentApplication.Employment[(Owner == 'Borrower')][{0}].EmployerName","BE{0:00}14":"Loan.CurrentApplication.Employment[(Owner == 'Borrower')][{0}].EndDate","BE{0:00}29":"Loan.CurrentApplication.Employment[(Owner == 'Borrower')][{0}].Fax","BE{0:00}12":"Loan.CurrentApplication.Employment[(Owner == 'Borrower')][{0}].MonthlyIncomeAmount","BE{0:00}97":"Loan.CurrentApplication.Employment[(Owner == 'Borrower')][{0}].NoLinkToDocTrackIndicator","BE{0:00}23":"Loan.CurrentApplication.Employment[(Owner == 'Borrower')][{0}].OtherAmount","BE{0:00}20":"Loan.CurrentApplication.Employment[(Owner == 'Borrower')][{0}].OvertimeAmount","BE{0:00}08":"Loan.CurrentApplication.Employment[(Owner == 'Borrower')][{0}].Owner","BE{0:00}17":"Loan.CurrentApplication.Employment[(Owner == 'Borrower')][{0}].PhoneNumber","BE{0:00}10":"Loan.CurrentApplication.Employment[(Owner == 'Borrower')][{0}].PositionDescription","BE{0:00}36":"Loan.CurrentApplication.Employment[(Owner == 'Borrower')][{0}].PrintAttachmentIndicator","BE{0:00}38":"Loan.CurrentApplication.Employment[(Owner == 'Borrower')][{0}].PrintUserNameIndicator","BE{0:00}15":"Loan.CurrentApplication.Employment[(Owner == 'Borrower')][{0}].SelfEmployedIndicator","BE{0:00}11":"Loan.CurrentApplication.Employment[(Owner == 'Borrower')][{0}].StartDate","BE{0:00}16":"Loan.CurrentApplication.Employment[(Owner == 'Borrower')][{0}].TimeInLineOfWorkYears","BE{0:00}33":"Loan.CurrentApplication.Employment[(Owner == 'Borrower')][{0}].TimeOnJobTermMonths","BE{0:00}13":"Loan.CurrentApplication.Employment[(Owner == 'Borrower')][{0}].TimeOnJobTermYears","BE{0:00}37":"Loan.CurrentApplication.Employment[(Owner == 'Borrower')][{0}].Title","BE{0:00}45":"Loan.CurrentApplication.Employment[(Owner == 'Borrower')][{0}].TitleFax","BE{0:00}44":"Loan.CurrentApplication.Employment[(Owner == 'Borrower')][{0}].TitlePhone","BE{0:00}98":"Loan.CurrentApplication.Employment[(Owner == 'Borrower')][{0}].VerificationRequestDate","CE{0:00}05":"Loan.CurrentApplication.Employment[(Owner == 'CoBorrower')][{0}].AddressCity","CE{0:00}07":"Loan.CurrentApplication.Employment[(Owner == 'CoBorrower')][{0}].AddressPostalCode","CE{0:00}06":"Loan.CurrentApplication.Employment[(Owner == 'CoBorrower')][{0}].AddressState","CE{0:00}04":"Loan.CurrentApplication.Employment[(Owner == 'CoBorrower')][{0}].AddressStreetLine1","CE{0:00}99":"Loan.CurrentApplication.Employment[(Owner == 'CoBorrower')][{0}].AltId","CE{0:00}03":"Loan.CurrentApplication.Employment[(Owner == 'CoBorrower')][{0}].Attention","CE{0:00}39":"Loan.CurrentApplication.Employment[(Owner == 'CoBorrower')][{0}].BadgeOrEmployeeID","CE{0:00}19":"Loan.CurrentApplication.Employment[(Owner == 'CoBorrower')][{0}].BasePayAmount","CE{0:00}21":"Loan.CurrentApplication.Employment[(Owner == 'CoBorrower')][{0}].BonusAmount","CE{0:00}32":"Loan.CurrentApplication.Employment[(Owner == 'CoBorrower')][{0}].BusinessName","CE{0:00}27":"Loan.CurrentApplication.Employment[(Owner == 'CoBorrower')][{0}].BusinessOwnedPercent","CE{0:00}28":"Loan.CurrentApplication.Employment[(Owner == 'CoBorrower')][{0}].BusinessPhone","CE{0:00}22":"Loan.CurrentApplication.Employment[(Owner == 'CoBorrower')][{0}].CommissionsAmount","CE{0:00}09":"Loan.CurrentApplication.Employment[(Owner == 'CoBorrower')][{0}].CurrentEmploymentIndicator","CE{0:00}30":"Loan.CurrentApplication.Employment[(Owner == 'CoBorrower')][{0}].Email","CE{0:00}31":"Loan.CurrentApplication.Employment[(Owner == 'CoBorrower')][{0}].EmployerComments","CE{0:00}02":"Loan.CurrentApplication.Employment[(Owner == 'CoBorrower')][{0}].EmployerName","CE{0:00}14":"Loan.CurrentApplication.Employment[(Owner == 'CoBorrower')][{0}].EndDate","CE{0:00}29":"Loan.CurrentApplication.Employment[(Owner == 'CoBorrower')][{0}].Fax","CE{0:00}12":"Loan.CurrentApplication.Employment[(Owner == 'CoBorrower')][{0}].MonthlyIncomeAmount","CE{0:00}97":"Loan.CurrentApplication.Employment[(Owner == 'CoBorrower')][{0}].NoLinkToDocTrackIndicator","CE{0:00}23":"Loan.CurrentApplication.Employment[(Owner == 'CoBorrower')][{0}].OtherAmount","CE{0:00}20":"Loan.CurrentApplication.Employment[(Owner == 'CoBorrower')][{0}].OvertimeAmount","CE{0:00}08":"Loan.CurrentApplication.Employment[(Owner == 'CoBorrower')][{0}].Owner","CE{0:00}17":"Loan.CurrentApplication.Employment[(Owner == 'CoBorrower')][{0}].PhoneNumber","CE{0:00}10":"Loan.CurrentApplication.Employment[(Owner == 'CoBorrower')][{0}].PositionDescription","CE{0:00}36":"Loan.CurrentApplication.Employment[(Owner == 'CoBorrower')][{0}].PrintAttachmentIndicator","CE{0:00}38":"Loan.CurrentApplication.Employment[(Owner == 'CoBorrower')][{0}].PrintUserNameIndicator","CE{0:00}15":"Loan.CurrentApplication.Employment[(Owner == 'CoBorrower')][{0}].SelfEmployedIndicator","CE{0:00}11":"Loan.CurrentApplication.Employment[(Owner == 'CoBorrower')][{0}].StartDate","CE{0:00}16":"Loan.CurrentApplication.Employment[(Owner == 'CoBorrower')][{0}].TimeInLineOfWorkYears","CE{0:00}33":"Loan.CurrentApplication.Employment[(Owner == 'CoBorrower')][{0}].TimeOnJobTermMonths","CE{0:00}13":"Loan.CurrentApplication.Employment[(Owner == 'CoBorrower')][{0}].TimeOnJobTermYears","CE{0:00}37":"Loan.CurrentApplication.Employment[(Owner == 'CoBorrower')][{0}].Title","CE{0:00}45":"Loan.CurrentApplication.Employment[(Owner == 'CoBorrower')][{0}].TitleFax","CE{0:00}44":"Loan.CurrentApplication.Employment[(Owner == 'CoBorrower')][{0}].TitlePhone","CE{0:00}98":"Loan.CurrentApplication.Employment[(Owner == 'CoBorrower')][{0}].VerificationRequestDate","FL{0:00}10":"Loan.CurrentApplication.Liabilities[(AccountIndicator == 'true')][{0}].AccountIdentifier","FL{0:00}03":"Loan.CurrentApplication.Liabilities[(AccountIndicator == 'true')][{0}].Attention","FL{0:00}98":"Loan.CurrentApplication.Liabilities[(AccountIndicator == 'true')][{0}].Date","FL{0:00}43":"Loan.CurrentApplication.Liabilities[(AccountIndicator == 'true')][{0}].DescriptionOfPurpose","FL{0:00}17":"Loan.CurrentApplication.Liabilities[(AccountIndicator == 'true')][{0}].ExclusionIndicator","FL{0:00}05":"Loan.CurrentApplication.Liabilities[(AccountIndicator == 'true')][{0}].HolderAddressCity","FL{0:00}07":"Loan.CurrentApplication.Liabilities[(AccountIndicator == 'true')][{0}].HolderAddressPostalCode","FL{0:00}06":"Loan.CurrentApplication.Liabilities[(AccountIndicator == 'true')][{0}].HolderAddressState","FL{0:00}04":"Loan.CurrentApplication.Liabilities[(AccountIndicator == 'true')][{0}].HolderAddressStreetLine1","FL{0:00}23":"Loan.CurrentApplication.Liabilities[(AccountIndicator == 'true')][{0}].HolderComments","FL{0:00}22":"Loan.CurrentApplication.Liabilities[(AccountIndicator == 'true')][{0}].HolderEmail","FL{0:00}21":"Loan.CurrentApplication.Liabilities[(AccountIndicator == 'true')][{0}].HolderFax","FL{0:00}02":"Loan.CurrentApplication.Liabilities[(AccountIndicator == 'true')][{0}].HolderName","FL{0:00}20":"Loan.CurrentApplication.Liabilities[(AccountIndicator == 'true')][{0}].HolderPhone","FL{0:00}61":"Loan.CurrentApplication.Liabilities[(AccountIndicator == 'true')][{0}].IsDebtNotSecuredToSubjectPropertyIndicator","FL{0:00}55":"Loan.CurrentApplication.Liabilities[(AccountIndicator == 'true')][{0}].Lates12Month120Day","FL{0:00}58":"Loan.CurrentApplication.Liabilities[(AccountIndicator == 'true')][{0}].Lates12Month150Day","FL{0:00}46":"Loan.CurrentApplication.Liabilities[(AccountIndicator == 'true')][{0}].Lates12Month30Day","FL{0:00}49":"Loan.CurrentApplication.Liabilities[(AccountIndicator == 'true')][{0}].Lates12Month60Day","FL{0:00}52":"Loan.CurrentApplication.Liabilities[(AccountIndicator == 'true')][{0}].Lates12Month90Day","FL{0:00}56":"Loan.CurrentApplication.Liabilities[(AccountIndicator == 'true')][{0}].Lates24Month120Day","FL{0:00}59":"Loan.CurrentApplication.Liabilities[(AccountIndicator == 'true')][{0}].Lates24Month150Day","FL{0:00}47":"Loan.CurrentApplication.Liabilities[(AccountIndicator == 'true')][{0}].Lates24Month30Day","FL{0:00}50":"Loan.CurrentApplication.Liabilities[(AccountIndicator == 'true')][{0}].Lates24Month60Day","FL{0:00}53":"Loan.CurrentApplication.Liabilities[(AccountIndicator == 'true')][{0}].Lates24Month90Day","FL{0:00}57":"Loan.CurrentApplication.Liabilities[(AccountIndicator == 'true')][{0}].Lates25Month120Day","FL{0:00}60":"Loan.CurrentApplication.Liabilities[(AccountIndicator == 'true')][{0}].Lates25Month150Day","FL{0:00}48":"Loan.CurrentApplication.Liabilities[(AccountIndicator == 'true')][{0}].Lates25Month30Day","FL{0:00}51":"Loan.CurrentApplication.Liabilities[(AccountIndicator == 'true')][{0}].Lates25Month60Day","FL{0:00}54":"Loan.CurrentApplication.Liabilities[(AccountIndicator == 'true')][{0}].Lates25Month90Day","FL{0:00}08":"Loan.CurrentApplication.Liabilities[(AccountIndicator == 'true')][{0}].LiabilityType","FL{0:00}11":"Loan.CurrentApplication.Liabilities[(AccountIndicator == 'true')][{0}].MonthlyPaymentAmount","FL{0:00}14":"Loan.CurrentApplication.Liabilities[(AccountIndicator == 'true')][{0}].MonthsToExclude","FL{0:00}09":"Loan.CurrentApplication.Liabilities[(AccountIndicator == 'true')][{0}].NameInAccount","FL{0:00}97":"Loan.CurrentApplication.Liabilities[(AccountIndicator == 'true')][{0}].NoLinkToDocTrackIndicator","FL{0:00}15":"Loan.CurrentApplication.Liabilities[(AccountIndicator == 'true')][{0}].Owner","FL{0:00}63":"Loan.CurrentApplication.Liabilities[(AccountIndicator == 'true')][{0}].PayoffIncludedIndicator","FL{0:00}18":"Loan.CurrentApplication.Liabilities[(AccountIndicator == 'true')][{0}].PayoffStatusIndicator","FL{0:00}39":"Loan.CurrentApplication.Liabilities[(AccountIndicator == 'true')][{0}].PrepaymentPenaltyAmount","FL{0:00}36":"Loan.CurrentApplication.Liabilities[(AccountIndicator == 'true')][{0}].PrintAttachmentIndicator","FL{0:00}38":"Loan.CurrentApplication.Liabilities[(AccountIndicator == 'true')][{0}].PrintUserNameIndicator","FL{0:00}12":"Loan.CurrentApplication.Liabilities[(AccountIndicator == 'true')][{0}].RemainingTermMonths","FL{0:00}25":"Loan.CurrentApplication.Liabilities[(AccountIndicator == 'true')][{0}].ReoId","FL{0:00}99":"Loan.CurrentApplication.Liabilities[(AccountIndicator == 'true')][{0}].RequestId","FL{0:00}26":"Loan.CurrentApplication.Liabilities[(AccountIndicator == 'true')][{0}].SubjectLoanResubordinationIndicator","FL{0:00}37":"Loan.CurrentApplication.Liabilities[(AccountIndicator == 'true')][{0}].Title","FL{0:00}45":"Loan.CurrentApplication.Liabilities[(AccountIndicator == 'true')][{0}].TitleFax","FL{0:00}44":"Loan.CurrentApplication.Liabilities[(AccountIndicator == 'true')][{0}].TitlePhone","FL{0:00}16":"Loan.CurrentApplication.Liabilities[(AccountIndicator == 'true')][{0}].ToBePaidOffAmount","FL{0:00}62":"Loan.CurrentApplication.Liabilities[(AccountIndicator == 'true')][{0}].UCDPayoffType","FL{0:00}13":"Loan.CurrentApplication.Liabilities[(AccountIndicator == 'true')][{0}].UnpaidBalanceAmount","FM{0:00}22":"Loan.CurrentApplication.ReoProperties[{0}].AcquiredDate","FM{0:00}06":"Loan.CurrentApplication.ReoProperties[{0}].City","FM{0:00}24":"Loan.CurrentApplication.ReoProperties[{0}].DispositionStatusType","FM{0:00}18":"Loan.CurrentApplication.ReoProperties[{0}].GsePropertyType","FM{0:00}16":"Loan.CurrentApplication.ReoProperties[{0}].LienInstallmentAmount","FM{0:00}17":"Loan.CurrentApplication.ReoProperties[{0}].LienUpbAmount","FM{0:00}21":"Loan.CurrentApplication.ReoProperties[{0}].MaintenanceExpenseAmount","FM{0:00}19":"Loan.CurrentApplication.ReoProperties[{0}].MarketValueAmount","FM{0:00}97":"Loan.CurrentApplication.ReoProperties[{0}].NoLinkToDocTrackIndicator","FM{0:00}14":"Loan.CurrentApplication.ReoProperties[{0}].ParticipationPercentage","FM{0:00}26":"Loan.CurrentApplication.ReoProperties[{0}].PercentageofRental","FM{0:00}08":"Loan.CurrentApplication.ReoProperties[{0}].PostalCode","FM{0:00}36":"Loan.CurrentApplication.ReoProperties[{0}].PrintAttachIndicator","FM{0:00}38":"Loan.CurrentApplication.ReoProperties[{0}].PrintUserNameIndicator","FM{0:00}41":"Loan.CurrentApplication.ReoProperties[{0}].PropertyUsageType","FM{0:00}23":"Loan.CurrentApplication.ReoProperties[{0}].PurchasePrice","FM{0:00}20":"Loan.CurrentApplication.ReoProperties[{0}].RentalIncomeGrossAmount","FM{0:00}32":"Loan.CurrentApplication.ReoProperties[{0}].RentalIncomeNetAmount","FM{0:00}25":"Loan.CurrentApplication.ReoProperties[{0}].ReoComments","FM{0:00}43":"Loan.CurrentApplication.ReoProperties[{0}].ReoId","FM{0:00}98":"Loan.CurrentApplication.ReoProperties[{0}].RequestDate","FM{0:00}07":"Loan.CurrentApplication.ReoProperties[{0}].State","FM{0:00}04":"Loan.CurrentApplication.ReoProperties[{0}].StreetAddress","FM{0:00}28":"Loan.CurrentApplication.ReoProperties[{0}].SubjectIndicator","FM{0:00}37":"Loan.CurrentApplication.ReoProperties[{0}].Title","FM{0:00}45":"Loan.CurrentApplication.ReoProperties[{0}].TitleFax","FM{0:00}44":"Loan.CurrentApplication.ReoProperties[{0}].TitlePhone","BR{0:00}14":"Loan.CurrentApplication.Residences[(ApplicantType == 'Borrower' && MailingAddressIndicator == 'false')][{0}].AccountName","BR{0:00}06":"Loan.CurrentApplication.Residences[(ApplicantType == 'Borrower' && MailingAddressIndicator == 'false')][{0}].AddressCity","BR{0:00}08":"Loan.CurrentApplication.Residences[(ApplicantType == 'Borrower' && MailingAddressIndicator == 'false')][{0}].AddressPostalCode","BR{0:00}07":"Loan.CurrentApplication.Residences[(ApplicantType == 'Borrower' && MailingAddressIndicator == 'false')][{0}].AddressState","BR{0:00}04":"Loan.CurrentApplication.Residences[(ApplicantType == 'Borrower' && MailingAddressIndicator == 'false')][{0}].AddressStreetLine1","BR{0:00}99":"Loan.CurrentApplication.Residences[(ApplicantType == 'Borrower' && MailingAddressIndicator == 'false')][{0}].AltId","BR{0:00}13":"Loan.CurrentApplication.Residences[(ApplicantType == 'Borrower' && MailingAddressIndicator == 'false')][{0}].ApplicantType","BR{0:00}22":"Loan.CurrentApplication.Residences[(ApplicantType == 'Borrower' && MailingAddressIndicator == 'false')][{0}].County","BR{0:00}24":"Loan.CurrentApplication.Residences[(ApplicantType == 'Borrower' && MailingAddressIndicator == 'false')][{0}].DurationTermMonths","BR{0:00}12":"Loan.CurrentApplication.Residences[(ApplicantType == 'Borrower' && MailingAddressIndicator == 'false')][{0}].DurationTermYears","BR{0:00}03":"Loan.CurrentApplication.Residences[(ApplicantType == 'Borrower' && MailingAddressIndicator == 'false')][{0}].LandlordAttention","BR{0:00}09":"Loan.CurrentApplication.Residences[(ApplicantType == 'Borrower' && MailingAddressIndicator == 'false')][{0}].LandlordCity","BR{0:00}21":"Loan.CurrentApplication.Residences[(ApplicantType == 'Borrower' && MailingAddressIndicator == 'false')][{0}].LandlordComments","BR{0:00}20":"Loan.CurrentApplication.Residences[(ApplicantType == 'Borrower' && MailingAddressIndicator == 'false')][{0}].LandlordEmail","BR{0:00}19":"Loan.CurrentApplication.Residences[(ApplicantType == 'Borrower' && MailingAddressIndicator == 'false')][{0}].LandlordFax","BR{0:00}02":"Loan.CurrentApplication.Residences[(ApplicantType == 'Borrower' && MailingAddressIndicator == 'false')][{0}].LandlordName","BR{0:00}18":"Loan.CurrentApplication.Residences[(ApplicantType == 'Borrower' && MailingAddressIndicator == 'false')][{0}].LandlordPhone","BR{0:00}11":"Loan.CurrentApplication.Residences[(ApplicantType == 'Borrower' && MailingAddressIndicator == 'false')][{0}].LandlordPostalCode","BR{0:00}10":"Loan.CurrentApplication.Residences[(ApplicantType == 'Borrower' && MailingAddressIndicator == 'false')][{0}].LandlordState","BR{0:00}05":"Loan.CurrentApplication.Residences[(ApplicantType == 'Borrower' && MailingAddressIndicator == 'false')][{0}].LandlordStreet","BR{0:00}97":"Loan.CurrentApplication.Residences[(ApplicantType == 'Borrower' && MailingAddressIndicator == 'false')][{0}].NoLinkToDocTrackIndicator","BR{0:00}36":"Loan.CurrentApplication.Residences[(ApplicantType == 'Borrower' && MailingAddressIndicator == 'false')][{0}].PrintAttachmentIndicator","BR{0:00}38":"Loan.CurrentApplication.Residences[(ApplicantType == 'Borrower' && MailingAddressIndicator == 'false')][{0}].PrintUserNameIndicator","BR{0:00}16":"Loan.CurrentApplication.Residences[(ApplicantType == 'Borrower' && MailingAddressIndicator == 'false')][{0}].Rent","BR{0:00}98":"Loan.CurrentApplication.Residences[(ApplicantType == 'Borrower' && MailingAddressIndicator == 'false')][{0}].RequestDate","BR{0:00}15":"Loan.CurrentApplication.Residences[(ApplicantType == 'Borrower' && MailingAddressIndicator == 'false')][{0}].ResidencyBasisType","BR{0:00}23":"Loan.CurrentApplication.Residences[(ApplicantType == 'Borrower' && MailingAddressIndicator == 'false')][{0}].ResidencyType","BR{0:00}37":"Loan.CurrentApplication.Residences[(ApplicantType == 'Borrower' && MailingAddressIndicator == 'false')][{0}].Title","BR{0:00}45":"Loan.CurrentApplication.Residences[(ApplicantType == 'Borrower' && MailingAddressIndicator == 'false')][{0}].TitleFax","BR{0:00}44":"Loan.CurrentApplication.Residences[(ApplicantType == 'Borrower' && MailingAddressIndicator == 'false')][{0}].TitlePhone","CR{0:00}14":"Loan.CurrentApplication.Residences[(ApplicantType == 'CoBorrower' && MailingAddressIndicator == 'false')][{0}].AccountName","CR{0:00}06":"Loan.CurrentApplication.Residences[(ApplicantType == 'CoBorrower' && MailingAddressIndicator == 'false')][{0}].AddressCity","CR{0:00}08":"Loan.CurrentApplication.Residences[(ApplicantType == 'CoBorrower' && MailingAddressIndicator == 'false')][{0}].AddressPostalCode","CR{0:00}07":"Loan.CurrentApplication.Residences[(ApplicantType == 'CoBorrower' && MailingAddressIndicator == 'false')][{0}].AddressState","CR{0:00}04":"Loan.CurrentApplication.Residences[(ApplicantType == 'CoBorrower' && MailingAddressIndicator == 'false')][{0}].AddressStreetLine1","CR{0:00}99":"Loan.CurrentApplication.Residences[(ApplicantType == 'CoBorrower' && MailingAddressIndicator == 'false')][{0}].AltId","CR{0:00}13":"Loan.CurrentApplication.Residences[(ApplicantType == 'CoBorrower' && MailingAddressIndicator == 'false')][{0}].ApplicantType","CR{0:00}22":"Loan.CurrentApplication.Residences[(ApplicantType == 'CoBorrower' && MailingAddressIndicator == 'false')][{0}].County","CR{0:00}24":"Loan.CurrentApplication.Residences[(ApplicantType == 'CoBorrower' && MailingAddressIndicator == 'false')][{0}].DurationTermMonths","CR{0:00}12":"Loan.CurrentApplication.Residences[(ApplicantType == 'CoBorrower' && MailingAddressIndicator == 'false')][{0}].DurationTermYears","CR{0:00}03":"Loan.CurrentApplication.Residences[(ApplicantType == 'CoBorrower' && MailingAddressIndicator == 'false')][{0}].LandlordAttention","CR{0:00}09":"Loan.CurrentApplication.Residences[(ApplicantType == 'CoBorrower' && MailingAddressIndicator == 'false')][{0}].LandlordCity","CR{0:00}21":"Loan.CurrentApplication.Residences[(ApplicantType == 'CoBorrower' && MailingAddressIndicator == 'false')][{0}].LandlordComments","CR{0:00}20":"Loan.CurrentApplication.Residences[(ApplicantType == 'CoBorrower' && MailingAddressIndicator == 'false')][{0}].LandlordEmail","CR{0:00}19":"Loan.CurrentApplication.Residences[(ApplicantType == 'CoBorrower' && MailingAddressIndicator == 'false')][{0}].LandlordFax","CR{0:00}02":"Loan.CurrentApplication.Residences[(ApplicantType == 'CoBorrower' && MailingAddressIndicator == 'false')][{0}].LandlordName","CR{0:00}18":"Loan.CurrentApplication.Residences[(ApplicantType == 'CoBorrower' && MailingAddressIndicator == 'false')][{0}].LandlordPhone","CR{0:00}11":"Loan.CurrentApplication.Residences[(ApplicantType == 'CoBorrower' && MailingAddressIndicator == 'false')][{0}].LandlordPostalCode","CR{0:00}10":"Loan.CurrentApplication.Residences[(ApplicantType == 'CoBorrower' && MailingAddressIndicator == 'false')][{0}].LandlordState","CR{0:00}05":"Loan.CurrentApplication.Residences[(ApplicantType == 'CoBorrower' && MailingAddressIndicator == 'false')][{0}].LandlordStreet","CR{0:00}97":"Loan.CurrentApplication.Residences[(ApplicantType == 'CoBorrower' && MailingAddressIndicator == 'false')][{0}].NoLinkToDocTrackIndicator","CR{0:00}36":"Loan.CurrentApplication.Residences[(ApplicantType == 'CoBorrower' && MailingAddressIndicator == 'false')][{0}].PrintAttachmentIndicator","CR{0:00}38":"Loan.CurrentApplication.Residences[(ApplicantType == 'CoBorrower' && MailingAddressIndicator == 'false')][{0}].PrintUserNameIndicator","CR{0:00}16":"Loan.CurrentApplication.Residences[(ApplicantType == 'CoBorrower' && MailingAddressIndicator == 'false')][{0}].Rent","CR{0:00}98":"Loan.CurrentApplication.Residences[(ApplicantType == 'CoBorrower' && MailingAddressIndicator == 'false')][{0}].RequestDate","CR{0:00}15":"Loan.CurrentApplication.Residences[(ApplicantType == 'CoBorrower' && MailingAddressIndicator == 'false')][{0}].ResidencyBasisType","CR{0:00}23":"Loan.CurrentApplication.Residences[(ApplicantType == 'CoBorrower' && MailingAddressIndicator == 'false')][{0}].ResidencyType","CR{0:00}37":"Loan.CurrentApplication.Residences[(ApplicantType == 'CoBorrower' && MailingAddressIndicator == 'false')][{0}].Title","CR{0:00}45":"Loan.CurrentApplication.Residences[(ApplicantType == 'CoBorrower' && MailingAddressIndicator == 'false')][{0}].TitleFax","CR{0:00}44":"Loan.CurrentApplication.Residences[(ApplicantType == 'CoBorrower' && MailingAddressIndicator == 'false')][{0}].TitlePhone","AR{0:00}35":"Loan.CurrentApplication.Tax4506s[(Tax4506TIndicator == 'false' && HistoryIndicator == 'true')][{0}].Address","AR{0:00}36":"Loan.CurrentApplication.Tax4506s[(Tax4506TIndicator == 'false' && HistoryIndicator == 'true')][{0}].City","AR{0:00}52":"Loan.CurrentApplication.Tax4506s[(Tax4506TIndicator == 'false' && HistoryIndicator == 'true')][{0}].CostForEachPeriod","AR{0:00}39":"Loan.CurrentApplication.Tax4506s[(Tax4506TIndicator == 'false' && HistoryIndicator == 'true')][{0}].CurrentFirst","AR{0:00}40":"Loan.CurrentApplication.Tax4506s[(Tax4506TIndicator == 'false' && HistoryIndicator == 'true')][{0}].CurrentLast","AR{0:00}02":"Loan.CurrentApplication.Tax4506s[(Tax4506TIndicator == 'false' && HistoryIndicator == 'true')][{0}].First","AR{0:00}63":"Loan.CurrentApplication.Tax4506s[(Tax4506TIndicator == 'false' && HistoryIndicator == 'true')][{0}].HistoryId","AR{0:00}14":"Loan.CurrentApplication.Tax4506s[(Tax4506TIndicator == 'false' && HistoryIndicator == 'true')][{0}].IfTaxRecordNotFound","AR{0:00}03":"Loan.CurrentApplication.Tax4506s[(Tax4506TIndicator == 'false' && HistoryIndicator == 'true')][{0}].Last","AR{0:00}61":"Loan.CurrentApplication.Tax4506s[(Tax4506TIndicator == 'false' && HistoryIndicator == 'true')][{0}].LastUpdatedDate","AR{0:00}62":"Loan.CurrentApplication.Tax4506s[(Tax4506TIndicator == 'false' && HistoryIndicator == 'true')][{0}].LastUpdatedTime","AR{0:00}31":"Loan.CurrentApplication.Tax4506s[(Tax4506TIndicator == 'false' && HistoryIndicator == 'true')][{0}].NumberOfPeriods","AR{0:00}01":"Loan.CurrentApplication.Tax4506s[(Tax4506TIndicator == 'false' && HistoryIndicator == 'true')][{0}].Person","AR{0:00}27":"Loan.CurrentApplication.Tax4506s[(Tax4506TIndicator == 'false' && HistoryIndicator == 'true')][{0}].RequestorPhoneNumber","AR{0:00}28":"Loan.CurrentApplication.Tax4506s[(Tax4506TIndicator == 'false' && HistoryIndicator == 'true')][{0}].RequestorTitle","AR{0:00}25":"Loan.CurrentApplication.Tax4506s[(Tax4506TIndicator == 'false' && HistoryIndicator == 'true')][{0}].RequestYear1","AR{0:00}26":"Loan.CurrentApplication.Tax4506s[(Tax4506TIndicator == 'false' && HistoryIndicator == 'true')][{0}].RequestYear2","AR{0:00}29":"Loan.CurrentApplication.Tax4506s[(Tax4506TIndicator == 'false' && HistoryIndicator == 'true')][{0}].RequestYear3","AR{0:00}30":"Loan.CurrentApplication.Tax4506s[(Tax4506TIndicator == 'false' && HistoryIndicator == 'true')][{0}].RequestYear4","AR{0:00}53":"Loan.CurrentApplication.Tax4506s[(Tax4506TIndicator == 'false' && HistoryIndicator == 'true')][{0}].RequestYear5","AR{0:00}54":"Loan.CurrentApplication.Tax4506s[(Tax4506TIndicator == 'false' && HistoryIndicator == 'true')][{0}].RequestYear6","AR{0:00}55":"Loan.CurrentApplication.Tax4506s[(Tax4506TIndicator == 'false' && HistoryIndicator == 'true')][{0}].RequestYear7","AR{0:00}56":"Loan.CurrentApplication.Tax4506s[(Tax4506TIndicator == 'false' && HistoryIndicator == 'true')][{0}].RequestYear8","AR{0:00}41":"Loan.CurrentApplication.Tax4506s[(Tax4506TIndicator == 'false' && HistoryIndicator == 'true')][{0}].ReturnAddress","AR{0:00}42":"Loan.CurrentApplication.Tax4506s[(Tax4506TIndicator == 'false' && HistoryIndicator == 'true')][{0}].ReturnCity","AR{0:00}43":"Loan.CurrentApplication.Tax4506s[(Tax4506TIndicator == 'false' && HistoryIndicator == 'true')][{0}].ReturnState","AR{0:00}44":"Loan.CurrentApplication.Tax4506s[(Tax4506TIndicator == 'false' && HistoryIndicator == 'true')][{0}].ReturnZip","AR{0:00}10":"Loan.CurrentApplication.Tax4506s[(Tax4506TIndicator == 'false' && HistoryIndicator == 'true')][{0}].SendAddress","AR{0:00}11":"Loan.CurrentApplication.Tax4506s[(Tax4506TIndicator == 'false' && HistoryIndicator == 'true')][{0}].SendCity","AR{0:00}08":"Loan.CurrentApplication.Tax4506s[(Tax4506TIndicator == 'false' && HistoryIndicator == 'true')][{0}].SendFirst","AR{0:00}09":"Loan.CurrentApplication.Tax4506s[(Tax4506TIndicator == 'false' && HistoryIndicator == 'true')][{0}].SendLast","AR{0:00}45":"Loan.CurrentApplication.Tax4506s[(Tax4506TIndicator == 'false' && HistoryIndicator == 'true')][{0}].SendPhone","AR{0:00}12":"Loan.CurrentApplication.Tax4506s[(Tax4506TIndicator == 'false' && HistoryIndicator == 'true')][{0}].SendState","AR{0:00}13":"Loan.CurrentApplication.Tax4506s[(Tax4506TIndicator == 'false' && HistoryIndicator == 'true')][{0}].SendZip","AR{0:00}06":"Loan.CurrentApplication.Tax4506s[(Tax4506TIndicator == 'false' && HistoryIndicator == 'true')][{0}].SpouseFirst","AR{0:00}07":"Loan.CurrentApplication.Tax4506s[(Tax4506TIndicator == 'false' && HistoryIndicator == 'true')][{0}].SpouseLast","AR{0:00}05":"Loan.CurrentApplication.Tax4506s[(Tax4506TIndicator == 'false' && HistoryIndicator == 'true')][{0}].SpouseSSN","AR{0:00}58":"Loan.CurrentApplication.Tax4506s[(Tax4506TIndicator == 'false' && HistoryIndicator == 'true')][{0}].SpouseUseEIN","AR{0:00}04":"Loan.CurrentApplication.Tax4506s[(Tax4506TIndicator == 'false' && HistoryIndicator == 'true')][{0}].SSN","AR{0:00}37":"Loan.CurrentApplication.Tax4506s[(Tax4506TIndicator == 'false' && HistoryIndicator == 'true')][{0}].State","AR{0:00}24":"Loan.CurrentApplication.Tax4506s[(Tax4506TIndicator == 'false' && HistoryIndicator == 'true')][{0}].TaxFormNumber","AR{0:00}18":"Loan.CurrentApplication.Tax4506s[(Tax4506TIndicator == 'false' && HistoryIndicator == 'true')][{0}].TheseCopiesMustBeCertified","AR{0:00}32":"Loan.CurrentApplication.Tax4506s[(Tax4506TIndicator == 'false' && HistoryIndicator == 'true')][{0}].TotalCost","AR{0:00}57":"Loan.CurrentApplication.Tax4506s[(Tax4506TIndicator == 'false' && HistoryIndicator == 'true')][{0}].UseEIN","AR{0:00}59":"Loan.CurrentApplication.Tax4506s[(Tax4506TIndicator == 'false' && HistoryIndicator == 'true')][{0}].UseWellsFargoRules","AR{0:00}38":"Loan.CurrentApplication.Tax4506s[(Tax4506TIndicator == 'false' && HistoryIndicator == 'true')][{0}].Zip","IR{0:00}47":"Loan.CurrentApplication.Tax4506s[(Tax4506TIndicator == 'true' && HistoryIndicator == 'true')][{0}].AccountTranscript","IR{0:00}35":"Loan.CurrentApplication.Tax4506s[(Tax4506TIndicator == 'true' && HistoryIndicator == 'true')][{0}].Address","IR{0:00}36":"Loan.CurrentApplication.Tax4506s[(Tax4506TIndicator == 'true' && HistoryIndicator == 'true')][{0}].City","IR{0:00}39":"Loan.CurrentApplication.Tax4506s[(Tax4506TIndicator == 'true' && HistoryIndicator == 'true')][{0}].CurrentFirst","IR{0:00}40":"Loan.CurrentApplication.Tax4506s[(Tax4506TIndicator == 'true' && HistoryIndicator == 'true')][{0}].CurrentLast","IR{0:00}02":"Loan.CurrentApplication.Tax4506s[(Tax4506TIndicator == 'true' && HistoryIndicator == 'true')][{0}].First","IR{0:00}50":"Loan.CurrentApplication.Tax4506s[(Tax4506TIndicator == 'true' && HistoryIndicator == 'true')][{0}].FormsSeriesTranscript","IR{0:00}63":"Loan.CurrentApplication.Tax4506s[(Tax4506TIndicator == 'true' && HistoryIndicator == 'true')][{0}].HistoryId","IR{0:00}03":"Loan.CurrentApplication.Tax4506s[(Tax4506TIndicator == 'true' && HistoryIndicator == 'true')][{0}].Last","IR{0:00}61":"Loan.CurrentApplication.Tax4506s[(Tax4506TIndicator == 'true' && HistoryIndicator == 'true')][{0}].LastUpdatedDate","IR{0:00}62":"Loan.CurrentApplication.Tax4506s[(Tax4506TIndicator == 'true' && HistoryIndicator == 'true')][{0}].LastUpdatedTime","IR{0:00}60":"Loan.CurrentApplication.Tax4506s[(Tax4506TIndicator == 'true' && HistoryIndicator == 'true')][{0}].NotifiedIrsIdentityTheftIndicator","IR{0:00}01":"Loan.CurrentApplication.Tax4506s[(Tax4506TIndicator == 'true' && HistoryIndicator == 'true')][{0}].Person","IR{0:00}48":"Loan.CurrentApplication.Tax4506s[(Tax4506TIndicator == 'true' && HistoryIndicator == 'true')][{0}].RecordOfAccount","IR{0:00}27":"Loan.CurrentApplication.Tax4506s[(Tax4506TIndicator == 'true' && HistoryIndicator == 'true')][{0}].RequestorPhoneNumber","IR{0:00}28":"Loan.CurrentApplication.Tax4506s[(Tax4506TIndicator == 'true' && HistoryIndicator == 'true')][{0}].RequestorTitle","IR{0:00}25":"Loan.CurrentApplication.Tax4506s[(Tax4506TIndicator == 'true' && HistoryIndicator == 'true')][{0}].RequestYear1","IR{0:00}26":"Loan.CurrentApplication.Tax4506s[(Tax4506TIndicator == 'true' && HistoryIndicator == 'true')][{0}].RequestYear2","IR{0:00}29":"Loan.CurrentApplication.Tax4506s[(Tax4506TIndicator == 'true' && HistoryIndicator == 'true')][{0}].RequestYear3","IR{0:00}30":"Loan.CurrentApplication.Tax4506s[(Tax4506TIndicator == 'true' && HistoryIndicator == 'true')][{0}].RequestYear4","IR{0:00}41":"Loan.CurrentApplication.Tax4506s[(Tax4506TIndicator == 'true' && HistoryIndicator == 'true')][{0}].ReturnAddress","IR{0:00}42":"Loan.CurrentApplication.Tax4506s[(Tax4506TIndicator == 'true' && HistoryIndicator == 'true')][{0}].ReturnCity","IR{0:00}43":"Loan.CurrentApplication.Tax4506s[(Tax4506TIndicator == 'true' && HistoryIndicator == 'true')][{0}].ReturnState","IR{0:00}46":"Loan.CurrentApplication.Tax4506s[(Tax4506TIndicator == 'true' && HistoryIndicator == 'true')][{0}].ReturnTranscript","IR{0:00}44":"Loan.CurrentApplication.Tax4506s[(Tax4506TIndicator == 'true' && HistoryIndicator == 'true')][{0}].ReturnZip","IR{0:00}10":"Loan.CurrentApplication.Tax4506s[(Tax4506TIndicator == 'true' && HistoryIndicator == 'true')][{0}].SendAddress","IR{0:00}11":"Loan.CurrentApplication.Tax4506s[(Tax4506TIndicator == 'true' && HistoryIndicator == 'true')][{0}].SendCity","IR{0:00}08":"Loan.CurrentApplication.Tax4506s[(Tax4506TIndicator == 'true' && HistoryIndicator == 'true')][{0}].SendFirst","IR{0:00}09":"Loan.CurrentApplication.Tax4506s[(Tax4506TIndicator == 'true' && HistoryIndicator == 'true')][{0}].SendLast","IR{0:00}45":"Loan.CurrentApplication.Tax4506s[(Tax4506TIndicator == 'true' && HistoryIndicator == 'true')][{0}].SendPhone","IR{0:00}12":"Loan.CurrentApplication.Tax4506s[(Tax4506TIndicator == 'true' && HistoryIndicator == 'true')][{0}].SendState","IR{0:00}13":"Loan.CurrentApplication.Tax4506s[(Tax4506TIndicator == 'true' && HistoryIndicator == 'true')][{0}].SendZip","IR{0:00}06":"Loan.CurrentApplication.Tax4506s[(Tax4506TIndicator == 'true' && HistoryIndicator == 'true')][{0}].SpouseFirst","IR{0:00}07":"Loan.CurrentApplication.Tax4506s[(Tax4506TIndicator == 'true' && HistoryIndicator == 'true')][{0}].SpouseLast","IR{0:00}05":"Loan.CurrentApplication.Tax4506s[(Tax4506TIndicator == 'true' && HistoryIndicator == 'true')][{0}].SpouseSSN","IR{0:00}58":"Loan.CurrentApplication.Tax4506s[(Tax4506TIndicator == 'true' && HistoryIndicator == 'true')][{0}].SpouseUseEIN","IR{0:00}04":"Loan.CurrentApplication.Tax4506s[(Tax4506TIndicator == 'true' && HistoryIndicator == 'true')][{0}].SSN","IR{0:00}37":"Loan.CurrentApplication.Tax4506s[(Tax4506TIndicator == 'true' && HistoryIndicator == 'true')][{0}].State","IR{0:00}24":"Loan.CurrentApplication.Tax4506s[(Tax4506TIndicator == 'true' && HistoryIndicator == 'true')][{0}].TaxFormNumber","IR{0:00}57":"Loan.CurrentApplication.Tax4506s[(Tax4506TIndicator == 'true' && HistoryIndicator == 'true')][{0}].UseEIN","IR{0:00}59":"Loan.CurrentApplication.Tax4506s[(Tax4506TIndicator == 'true' && HistoryIndicator == 'true')][{0}].UseWellsFargoRules","IR{0:00}49":"Loan.CurrentApplication.Tax4506s[(Tax4506TIndicator == 'true' && HistoryIndicator == 'true')][{0}].VerificationOfNonfiling","IR{0:00}38":"Loan.CurrentApplication.Tax4506s[(Tax4506TIndicator == 'true' && HistoryIndicator == 'true')][{0}].Zip","TQL4506T{0:00}99":"Loan.CurrentApplication.TQLReports[{0}].AltId","TQL4506T{0:00}21":"Loan.CurrentApplication.TQLReports[{0}].BorrowerID1","TQL4506T{0:00}31":"Loan.CurrentApplication.TQLReports[{0}].BorrowerID2","TQL4506T{0:00}41":"Loan.CurrentApplication.TQLReports[{0}].BorrowerID3","TQL4506T{0:00}51":"Loan.CurrentApplication.TQLReports[{0}].BorrowerID4","TQL4506T{0:00}03":"Loan.CurrentApplication.TQLReports[{0}].CompletedDate","TQL4506T{0:00}06":"Loan.CurrentApplication.TQLReports[{0}].Investor","TQL4506T{0:00}02":"Loan.CurrentApplication.TQLReports[{0}].OrderDate","TQL4506T{0:00}05":"Loan.CurrentApplication.TQLReports[{0}].OrderNumber","TQL4506T{0:00}04":"Loan.CurrentApplication.TQLReports[{0}].OrderStatus","TQL4506T{0:00}23":"Loan.CurrentApplication.TQLReports[{0}].PercentVariance1","TQL4506T{0:00}33":"Loan.CurrentApplication.TQLReports[{0}].PercentVariance2","TQL4506T{0:00}43":"Loan.CurrentApplication.TQLReports[{0}].PercentVariance3","TQL4506T{0:00}53":"Loan.CurrentApplication.TQLReports[{0}].PercentVariance4","TQL4506T{0:00}07":"Loan.CurrentApplication.TQLReports[{0}].ProductsOrdered","TQL4506T{0:00}20":"Loan.CurrentApplication.TQLReports[{0}].ReportYear1","TQL4506T{0:00}30":"Loan.CurrentApplication.TQLReports[{0}].ReportYear2","TQL4506T{0:00}40":"Loan.CurrentApplication.TQLReports[{0}].ReportYear3","TQL4506T{0:00}50":"Loan.CurrentApplication.TQLReports[{0}].ReportYear4","TQL4506T{0:00}22":"Loan.CurrentApplication.TQLReports[{0}].TotalIncome1","TQL4506T{0:00}32":"Loan.CurrentApplication.TQLReports[{0}].TotalIncome2","TQL4506T{0:00}42":"Loan.CurrentApplication.TQLReports[{0}].TotalIncome3","TQL4506T{0:00}52":"Loan.CurrentApplication.TQLReports[{0}].TotalIncome4","TQL4506T{0:00}08":"Loan.CurrentApplication.TQLReports[{0}].TranscriptType","TQL4506T{0:00}01":"Loan.CurrentApplication.TQLReports[{0}].UserID","CUST{0:00}FV":"Loan.CustomFields[(FieldName == 'CUST{0:00}FV')].StringValue","CX.{0}":"Loan.CustomFields[(FieldName == 'CX.{0}')].StringValue","HC{0:00}03":"Loan.HomeCounselingProviders[{0}].AgencyAddress","HC{0:00}04":"Loan.HomeCounselingProviders[{0}].AgencyAddressCity","HC{0:00}06":"Loan.HomeCounselingProviders[{0}].AgencyAddressPostalCode","HC{0:00}05":"Loan.HomeCounselingProviders[{0}].AgencyAddressState","HC{0:00}15":"Loan.HomeCounselingProviders[{0}].AgencyAffiliationDescription","HC{0:00}14":"Loan.HomeCounselingProviders[{0}].AgencyAffiliationIndicator","HC{0:00}10":"Loan.HomeCounselingProviders[{0}].AgencyEmail","HC{0:00}09":"Loan.HomeCounselingProviders[{0}].AgencyFax","HC{0:00}99":"Loan.HomeCounselingProviders[{0}].AgencyId","HC{0:00}02":"Loan.HomeCounselingProviders[{0}].AgencyName","HC{0:00}07":"Loan.HomeCounselingProviders[{0}].AgencyPhoneDirect","HC{0:00}08":"Loan.HomeCounselingProviders[{0}].AgencyPhoneTollFree","HC{0:00}16":"Loan.HomeCounselingProviders[{0}].AgencySource","HC{0:00}11":"Loan.HomeCounselingProviders[{0}].AgencyWebAddress","HC{0:00}13":"Loan.HomeCounselingProviders[{0}].CounselingServicesProvided","HC{0:00}17":"Loan.HomeCounselingProviders[{0}].DistanceMiles","HC{0:00}12":"Loan.HomeCounselingProviders[{0}].LanguagesSupported","HC{0:00}01":"Loan.HomeCounselingProviders[{0}].SelectedIndicator","HUD{0:00}10":"Loan.Hud1Es.Hud1EsDates[{0}].AggrMthDisb","HUD{0:00}60":"Loan.Hud1Es.Hud1EsDates[{0}].AnnualFee","HUD{0:00}11":"Loan.Hud1Es.Hud1EsDates[{0}].Balance","HUD{0:00}01":"Loan.Hud1Es.Hud1EsDates[{0}].Date","HUD{0:00}05":"Loan.Hud1Es.Hud1EsDates[{0}].FloodInsDisb","HUD{0:00}03":"Loan.Hud1Es.Hud1EsDates[{0}].HazInsDisb","HUD{0:00}04":"Loan.Hud1Es.Hud1EsDates[{0}].MtgInsDisb","HUD{0:00}06":"Loan.Hud1Es.Hud1EsDates[{0}].SchoolTaxes","HUD{0:00}02":"Loan.Hud1Es.Hud1EsDates[{0}].TaxDisb","HUD{0:00}07":"Loan.Hud1Es.Hud1EsDates[{0}].UserDefined1","HUD{0:00}08":"Loan.Hud1Es.Hud1EsDates[{0}].UserDefined2","HUD{0:00}09":"Loan.Hud1Es.Hud1EsDates[{0}].UserDefined3","HUD{0:00}49":"Loan.Hud1Es.Hud1EsDueDates[{0}].AnnualFee","HUD{0:00}44":"Loan.Hud1Es.Hud1EsDueDates[{0}].FloodInsDisb","HUD{0:00}42":"Loan.Hud1Es.Hud1EsDueDates[{0}].HazInsDisb","HUD{0:00}43":"Loan.Hud1Es.Hud1EsDueDates[{0}].MtgInsDisb","HUD{0:00}45":"Loan.Hud1Es.Hud1EsDueDates[{0}].SchoolTaxes","HUD{0:00}41":"Loan.Hud1Es.Hud1EsDueDates[{0}].TaxDisb","HUD{0:00}46":"Loan.Hud1Es.Hud1EsDueDates[{0}].UserDefined1","HUD{0:00}47":"Loan.Hud1Es.Hud1EsDueDates[{0}].UserDefined2","HUD{0:00}48":"Loan.Hud1Es.Hud1EsDueDates[{0}].UserDefined3","AEA{0:00}01":"Loan.Hud1Es.Hud1EsItemizes[{0}].Date","AEA{0:00}05":"Loan.Hud1Es.Hud1EsItemizes[{0}].EscrowPaymentBalance","AEA{0:00}04":"Loan.Hud1Es.Hud1EsItemizes[{0}].EscrowPaymentDescription","AEA{0:00}03":"Loan.Hud1Es.Hud1EsItemizes[{0}].EscrowPaymentFrom","AEA{0:00}02":"Loan.Hud1Es.Hud1EsItemizes[{0}].EscrowPaymentTo","HUD{0:00}58":"Loan.Hud1Es.Hud1EsSetups[{0}].AnnualFeePrepaid","HUD{0:00}21":"Loan.Hud1Es.Hud1EsSetups[{0}].AnnualFees","HUD{0:00}12":"Loan.Hud1Es.Hud1EsSetups[{0}].Date","HUD{0:00}16":"Loan.Hud1Es.Hud1EsSetups[{0}].FloodInsDisb","HUD{0:00}53":"Loan.Hud1Es.Hud1EsSetups[{0}].FloodInsPrepaid","HUD{0:00}14":"Loan.Hud1Es.Hud1EsSetups[{0}].HazInsDisb","HUD{0:00}51":"Loan.Hud1Es.Hud1EsSetups[{0}].HazInsPrepaid","HUD{0:00}15":"Loan.Hud1Es.Hud1EsSetups[{0}].MtgInsDisb","HUD{0:00}52":"Loan.Hud1Es.Hud1EsSetups[{0}].MtgInsPrepaid","HUD{0:00}17":"Loan.Hud1Es.Hud1EsSetups[{0}].SchoolTaxes","HUD{0:00}54":"Loan.Hud1Es.Hud1EsSetups[{0}].SchoolTaxesPrepaid","HUD{0:00}13":"Loan.Hud1Es.Hud1EsSetups[{0}].TaxDisb","HUD{0:00}50":"Loan.Hud1Es.Hud1EsSetups[{0}].TaxPrepaid","HUD{0:00}18":"Loan.Hud1Es.Hud1EsSetups[{0}].UserDefined1","HUD{0:00}19":"Loan.Hud1Es.Hud1EsSetups[{0}].UserDefined2","HUD{0:00}20":"Loan.Hud1Es.Hud1EsSetups[{0}].UserDefined3","HUD{0:00}55":"Loan.Hud1Es.Hud1EsSetups[{0}].UserDefinedPrepaid1","HUD{0:00}56":"Loan.Hud1Es.Hud1EsSetups[{0}].UserDefinedPrepaid2","HUD{0:00}57":"Loan.Hud1Es.Hud1EsSetups[{0}].UserDefinedPrepaid3","HTR{0:00}04":"Loan.LoanProductData.HelocRepaymentDrawPeriods[(DrawIndicator == 'False')][{0}].Apr","HTR{0:00}02":"Loan.LoanProductData.HelocRepaymentDrawPeriods[(DrawIndicator == 'False')][{0}].IndexRatePercent","HTR{0:00}03":"Loan.LoanProductData.HelocRepaymentDrawPeriods[(DrawIndicator == 'False')][{0}].MarginRatePercent","HTR{0:00}05":"Loan.LoanProductData.HelocRepaymentDrawPeriods[(DrawIndicator == 'False')][{0}].MinimumMonthlyPaymentAmount","HTR{0:00}01":"Loan.LoanProductData.HelocRepaymentDrawPeriods[(DrawIndicator == 'False')][{0}].Year","HTD{0:00}04":"Loan.LoanProductData.HelocRepaymentDrawPeriods[(DrawIndicator == 'True')][{0}].Apr","HTD{0:00}02":"Loan.LoanProductData.HelocRepaymentDrawPeriods[(DrawIndicator == 'True')][{0}].IndexRatePercent","HTD{0:00}03":"Loan.LoanProductData.HelocRepaymentDrawPeriods[(DrawIndicator == 'True')][{0}].MarginRatePercent","HTD{0:00}05":"Loan.LoanProductData.HelocRepaymentDrawPeriods[(DrawIndicator == 'True')][{0}].MinimumMonthlyPaymentAmount","HTD{0:00}01":"Loan.LoanProductData.HelocRepaymentDrawPeriods[(DrawIndicator == 'True')][{0}].Year","LP{0:00}113":"Loan.LoanPrograms[{0}].Acquisition","LP{0:00}67":"Loan.LoanPrograms[{0}].AdditionalArmInformation","LP{0:00}82":"Loan.LoanPrograms[{0}].AllDateAndNumericalDisclosures","LP{0:00}115":"Loan.LoanPrograms[{0}].AnnualFeeNeeded","LP{0:00}86":"Loan.LoanPrograms[{0}].ArmTypeDescription","LP{0:00}75":"Loan.LoanPrograms[{0}].AssumptionOnYourProperty","LP{0:00}11":"Loan.LoanPrograms[{0}].BalloonLoanMaturityTermMonths","LP{0:00}13":"Loan.LoanPrograms[{0}].BuydownChangeFrequencyMonths1","LP{0:00}15":"Loan.LoanPrograms[{0}].BuydownChangeFrequencyMonths2","LP{0:00}17":"Loan.LoanPrograms[{0}].BuydownChangeFrequencyMonths3","LP{0:00}19":"Loan.LoanPrograms[{0}].BuydownChangeFrequencyMonths4","LP{0:00}21":"Loan.LoanPrograms[{0}].BuydownChangeFrequencyMonths5","LP{0:00}23":"Loan.LoanPrograms[{0}].BuydownChangeFrequencyMonths6","LP{0:00}12":"Loan.LoanPrograms[{0}].BuydownIncreaseRatePercent1","LP{0:00}14":"Loan.LoanPrograms[{0}].BuydownIncreaseRatePercent2","LP{0:00}16":"Loan.LoanPrograms[{0}].BuydownIncreaseRatePercent3","LP{0:00}18":"Loan.LoanPrograms[{0}].BuydownIncreaseRatePercent4","LP{0:00}20":"Loan.LoanPrograms[{0}].BuydownIncreaseRatePercent5","LP{0:00}22":"Loan.LoanPrograms[{0}].BuydownIncreaseRatePercent6","LP{0:00}99":"Loan.LoanPrograms[{0}].CalculateBasedOnRemainingBalance","LP{0:00}97":"Loan.LoanPrograms[{0}].ClosingCostProgram","LP{0:00}56":"Loan.LoanPrograms[{0}].ConstructionDescription","LP{0:00}55":"Loan.LoanPrograms[{0}].ConstructionInterestReserveAmount","LP{0:00}112":"Loan.LoanPrograms[{0}].ConstructionLoanMethod","LP{0:00}53":"Loan.LoanPrograms[{0}].ConstructionPeriodMonths","LP{0:00}54":"Loan.LoanPrograms[{0}].ConstructionRate","LP{0:00}79":"Loan.LoanPrograms[{0}].Convertible","LP{0:00}90":"Loan.LoanPrograms[{0}].CreditDisability","LP{0:00}89":"Loan.LoanPrograms[{0}].CreditLifeInsurance","LP{0:00}65":"Loan.LoanPrograms[{0}].DemandFeature","LP{0:00}88":"Loan.LoanPrograms[{0}].Description","LP{0:00}110":"Loan.LoanPrograms[{0}].DisclosureType","LP{0:00}123":"Loan.LoanPrograms[{0}].Discounted","LP{0:00}124":"Loan.LoanPrograms[{0}].DiscountedRate","LP{0:00}125":"Loan.LoanPrograms[{0}].DrawRepayPeriodTableName","LP{0:00}101":"Loan.LoanPrograms[{0}].FhaUpfrontMiPremiumPercent","LP{0:00}92":"Loan.LoanPrograms[{0}].FloodInsurance","LP{0:00}33":"Loan.LoanPrograms[{0}].FloorPercent","LP{0:00}104":"Loan.LoanPrograms[{0}].FundingFeePaidInCash","LP{0:00}43":"Loan.LoanPrograms[{0}].GpmExtraPaymentForEarlyPayOff","LP{0:00}41":"Loan.LoanPrograms[{0}].GpmRate","LP{0:00}42":"Loan.LoanPrograms[{0}].GpmYears","LP{0:00}93":"Loan.LoanPrograms[{0}].IfYouPurchase","LP{0:00}94":"Loan.LoanPrograms[{0}].IfYouPurchaseType","LP{0:00}32":"Loan.LoanPrograms[{0}].IndexCurrentValuePercent","LP{0:00}31":"Loan.LoanPrograms[{0}].IndexMarginPercent","LP{0:00}114":"Loan.LoanPrograms[{0}].InitialAdvanceAmount","LP{0:00}25":"Loan.LoanPrograms[{0}].InterestOnlyMonths","LP{0:00}72":"Loan.LoanPrograms[{0}].LateChargeDays","LP{0:00}73":"Loan.LoanPrograms[{0}].LateChargePercent","LP{0:00}74":"Loan.LoanPrograms[{0}].LateChargeType","LP{0:00}51":"Loan.LoanPrograms[{0}].LenderInvestorCode","LP{0:00}03":"Loan.LoanPrograms[{0}].LienPriorityType","LP{0:00}10":"Loan.LoanPrograms[{0}].LoanAmortizationTermMonths","LP{0:00}07":"Loan.LoanPrograms[{0}].LoanAmortizationType","LP{0:00}107":"Loan.LoanPrograms[{0}].LoanDocumentationType","LP{0:00}24":"Loan.LoanPrograms[{0}].LoanFeaturesPaymentFrequencyType","LP{0:00}44":"Loan.LoanPrograms[{0}].LoanProgramName","LP{0:00}102":"Loan.LoanPrograms[{0}].LockField","LP{0:00}50":"Loan.LoanPrograms[{0}].MaxBackRatio","LP{0:00}47":"Loan.LoanPrograms[{0}].MaxCltv","LP{0:00}49":"Loan.LoanPrograms[{0}].MaxFrontRatio","LP{0:00}40":"Loan.LoanPrograms[{0}].MaximumBalance","LP{0:00}45":"Loan.LoanPrograms[{0}].MaxLoanAmount","LP{0:00}46":"Loan.LoanPrograms[{0}].MaxLtv","LP{0:00}81":"Loan.LoanPrograms[{0}].MeansAnEstimate","LP{0:00}100":"Loan.LoanPrograms[{0}].MiCalculationType","LP{0:00}98":"Loan.LoanPrograms[{0}].MidpointCancellation","LP{0:00}48":"Loan.LoanPrograms[{0}].MinCreditScore","LP{0:00}119":"Loan.LoanPrograms[{0}].MinimumAdvanceAmount","LP{0:00}120":"Loan.LoanPrograms[{0}].MinimumAllowableApr","LP{0:00}122":"Loan.LoanPrograms[{0}].MinimumPaymentAmount","LP{0:00}121":"Loan.LoanPrograms[{0}].MinimumPaymentPercent","LP{0:00}103":"Loan.LoanPrograms[{0}].MipPaidInCash","LP{0:00}108":"Loan.LoanPrograms[{0}].Mmi","LP{0:00}57":"Loan.LoanPrograms[{0}].MortgageInsuranceAdjustmentFactor1","LP{0:00}60":"Loan.LoanPrograms[{0}].MortgageInsuranceAdjustmentFactor2","LP{0:00}63":"Loan.LoanPrograms[{0}].MortgageInsuranceCancelPercent","LP{0:00}59":"Loan.LoanPrograms[{0}].MortgageInsuranceMonthlyPayment1","LP{0:00}62":"Loan.LoanPrograms[{0}].MortgageInsuranceMonthlyPayment2","LP{0:00}58":"Loan.LoanPrograms[{0}].MortgageInsuranceMonthsOfAdjustment1","LP{0:00}61":"Loan.LoanPrograms[{0}].MortgageInsuranceMonthsOfAdjustment2","LP{0:00}01":"Loan.LoanPrograms[{0}].MortgageType","LP{0:00}87":"Loan.LoanPrograms[{0}].OtherAmortizationTypeDescription","LP{0:00}96":"Loan.LoanPrograms[{0}].OtherLoanPurposeDescription","LP{0:00}85":"Loan.LoanPrograms[{0}].OtherMortgageTypeDescription","LP{0:00}37":"Loan.LoanPrograms[{0}].PaymentAdjustmentDurationMonths","LP{0:00}36":"Loan.LoanPrograms[{0}].PaymentAdjustmentPeriodicCapPercent","LP{0:00}52":"Loan.LoanPrograms[{0}].PaymentFactor","LP{0:00}84":"Loan.LoanPrograms[{0}].PercentageOfRental","LP{0:00}111":"Loan.LoanPrograms[{0}].PerDiemCalculationMethodType","LP{0:00}109":"Loan.LoanPrograms[{0}].Pmi","LP{0:00}70":"Loan.LoanPrograms[{0}].PrepaymentPenaltyIndicator","LP{0:00}80":"Loan.LoanPrograms[{0}].ProgramCode","LP{0:00}91":"Loan.LoanPrograms[{0}].PropertyInsurance","LP{0:00}02":"Loan.LoanPrograms[{0}].PropertyUsageType","LP{0:00}09":"Loan.LoanPrograms[{0}].QualifyingRatePercent","LP{0:00}29":"Loan.LoanPrograms[{0}].RateAdjustmentDurationMonths","LP{0:00}30":"Loan.LoanPrograms[{0}].RateAdjustmentLifetimeCapPercent","LP{0:00}26":"Loan.LoanPrograms[{0}].RateAdjustmentPercent","LP{0:00}28":"Loan.LoanPrograms[{0}].RateAdjustmentSubsequentCapPercent","LP{0:00}27":"Loan.LoanPrograms[{0}].RateAdjustmentSubsequentRateAdjustmentMonths","LP{0:00}38":"Loan.LoanPrograms[{0}].RecastPaidMonths","LP{0:00}39":"Loan.LoanPrograms[{0}].RecastStopMonths","LP{0:00}71":"Loan.LoanPrograms[{0}].RefundPaymentIndicator","LP{0:00}08":"Loan.LoanPrograms[{0}].RequestedInterestRatePercent","LP{0:00}64":"Loan.LoanPrograms[{0}].RequiredDeposit","LP{0:00}34":"Loan.LoanPrograms[{0}].RoundPercent","LP{0:00}35":"Loan.LoanPrograms[{0}].RoundType","LP{0:00}68":"Loan.LoanPrograms[{0}].SecurityInterestInNameOf","LP{0:00}69":"Loan.LoanPrograms[{0}].SecurityType","LP{0:00}83":"Loan.LoanPrograms[{0}].SubjectPropertyGrossRentalIncome","LP{0:00}116":"Loan.LoanPrograms[{0}].TeaserRate","LP{0:00}126":"Loan.LoanPrograms[{0}].TerminationFeeAmount","LP{0:00}127":"Loan.LoanPrograms[{0}].TerminationPeriodMonthsCount","LP{0:00}117":"Loan.LoanPrograms[{0}].ThirdPartyFeeFrom","LP{0:00}118":"Loan.LoanPrograms[{0}].ThirdPartyFeeTo","LP{0:00}05":"Loan.LoanPrograms[{0}].Type","LP{0:00}105":"Loan.LoanPrograms[{0}].UseDaysInYears","LP{0:00}106":"Loan.LoanPrograms[{0}].UsePitiForRatio","LP{0:00}66":"Loan.LoanPrograms[{0}].VariableRateFeature","LP{0:00}95":"Loan.LoanPrograms[{0}].YearlyTerm","UNFL{0:00}04":"Loan.NonVols[{0}].AdjustmentAmount","UNFL{0:00}02":"Loan.NonVols[{0}].AdjustmentDescription","UNFL{0:00}03":"Loan.NonVols[{0}].AdjustmentOtherDescription","UNFL{0:00}01":"Loan.NonVols[{0}].AdjustmentType","UNFL{0:00}05":"Loan.NonVols[{0}].IncludedIndicator","SP{0:00}03":"Loan.ServiceProviderContacts[{0}].Address","SP{0:00}04":"Loan.ServiceProviderContacts[{0}].City","SP{0:00}14":"Loan.ServiceProviderContacts[{0}].ContactName","SP{0:00}11":"Loan.ServiceProviderContacts[{0}].Cost","SP{0:00}15":"Loan.ServiceProviderContacts[{0}].Email","SP{0:00}16":"Loan.ServiceProviderContacts[{0}].Fax","SP{0:00}18":"Loan.ServiceProviderContacts[{0}].FeeAmt1","SP{0:00}36":"Loan.ServiceProviderContacts[{0}].FeeAmt10","SP{0:00}20":"Loan.ServiceProviderContacts[{0}].FeeAmt2","SP{0:00}22":"Loan.ServiceProviderContacts[{0}].FeeAmt3","SP{0:00}24":"Loan.ServiceProviderContacts[{0}].FeeAmt4","SP{0:00}26":"Loan.ServiceProviderContacts[{0}].FeeAmt5","SP{0:00}28":"Loan.ServiceProviderContacts[{0}].FeeAmt6","SP{0:00}30":"Loan.ServiceProviderContacts[{0}].FeeAmt7","SP{0:00}32":"Loan.ServiceProviderContacts[{0}].FeeAmt8","SP{0:00}34":"Loan.ServiceProviderContacts[{0}].FeeAmt9","SP{0:00}17":"Loan.ServiceProviderContacts[{0}].FeeDesc1","SP{0:00}35":"Loan.ServiceProviderContacts[{0}].FeeDesc10","SP{0:00}19":"Loan.ServiceProviderContacts[{0}].FeeDesc2","SP{0:00}21":"Loan.ServiceProviderContacts[{0}].FeeDesc3","SP{0:00}23":"Loan.ServiceProviderContacts[{0}].FeeDesc4","SP{0:00}25":"Loan.ServiceProviderContacts[{0}].FeeDesc5","SP{0:00}27":"Loan.ServiceProviderContacts[{0}].FeeDesc6","SP{0:00}29":"Loan.ServiceProviderContacts[{0}].FeeDesc7","SP{0:00}31":"Loan.ServiceProviderContacts[{0}].FeeDesc8","SP{0:00}33":"Loan.ServiceProviderContacts[{0}].FeeDesc9","SP{0:00}09":"Loan.ServiceProviderContacts[{0}].LineItemNumber","SP{0:00}07":"Loan.ServiceProviderContacts[{0}].Phone","SP{0:00}06":"Loan.ServiceProviderContacts[{0}].PostalCode","SP{0:00}02":"Loan.ServiceProviderContacts[{0}].ProviderName","SP{0:00}08":"Loan.ServiceProviderContacts[{0}].Relationship","SP{0:00}01":"Loan.ServiceProviderContacts[{0}].ServiceProvided","SP{0:00}10":"Loan.ServiceProviderContacts[{0}].ServiceType","SP{0:00}13":"Loan.ServiceProviderContacts[{0}].ShopFor","SP{0:00}05":"Loan.ServiceProviderContacts[{0}].State","SP{0:00}12":"Loan.ServiceProviderContacts[{0}].WebUrl","NYFEES{0:00}02":"Loan.StateDisclosure.NewYorkFees[{0}].Address","NYFEES{0:00}08":"Loan.StateDisclosure.NewYorkFees[{0}].Amount","NYFEES{0:00}03":"Loan.StateDisclosure.NewYorkFees[{0}].City","NYFEES{0:00}06":"Loan.StateDisclosure.NewYorkFees[{0}].Comments","NYFEES{0:00}07":"Loan.StateDisclosure.NewYorkFees[{0}].Date","NYFEES{0:00}09":"Loan.StateDisclosure.NewYorkFees[{0}].FeeType","NYFEES{0:00}01":"Loan.StateDisclosure.NewYorkFees[{0}].Name","NYFEES{0:00}05":"Loan.StateDisclosure.NewYorkFees[{0}].PostalCode","NYFEES{0:00}04":"Loan.StateDisclosure.NewYorkFees[{0}].State","TQLCOMPLIANCEALERT{0:00}01":"Loan.TQL.TQLComplianceAlerts[{0}].LastComplianceOrderAlertCategories","TQLCOMPLIANCEALERT{0:00}03":"Loan.TQL.TQLComplianceAlerts[{0}].LastComplianceOrderAlertMessage","TQLCOMPLIANCEALERT{0:00}02":"Loan.TQL.TQLComplianceAlerts[{0}].LastComplianceOrderDescriptionOfAlerts","TQLDOCDATE{0:00}01":"Loan.TQL.TQLDocuments[{0}].TQLDocumentDeliveredDate","TQLFRAUDALERT{0:00}06":"Loan.TQL.TQLFraudAlerts[{0}].DriveFraudAlertCode","TQLFRAUDALERT{0:00}05":"Loan.TQL.TQLFraudAlerts[{0}].DriveFraudAlertStatus","TQLFRAUDALERT{0:00}08":"Loan.TQL.TQLFraudAlerts[{0}].FraudGuardFraudAlertCode","TQLFRAUDALERT{0:00}07":"Loan.TQL.TQLFraudAlerts[{0}].FraudGuardFraudAlertStatus","TQLFRAUDALERT{0:00}01":"Loan.TQL.TQLFraudAlerts[{0}].LastFraudOrderAlertCategories","TQLFRAUDALERT{0:00}04":"Loan.TQL.TQLFraudAlerts[{0}].LastFraudOrderAlertID","TQLFRAUDALERT{0:00}03":"Loan.TQL.TQLFraudAlerts[{0}].LastFraudOrderAlertLevel","TQLFRAUDALERT{0:00}02":"Loan.TQL.TQLFraudAlerts[{0}].LastFraudOrderDescriptionOfAlerts","TA{0:00}DT":"Loan.TrustAccount.TrustAccountItems[{0}].Date","TA{0:00}DS":"Loan.TrustAccount.TrustAccountItems[{0}].Description","TA{0:00}NO":"Loan.TrustAccount.TrustAccountItems[{0}].Notes","TA{0:00}PA":"Loan.TrustAccount.TrustAccountItems[{0}].PaymentAmount","TA{0:00}PC":"Loan.TrustAccount.TrustAccountItems[{0}].PaymentCheckNo","TA{0:00}RA":"Loan.TrustAccount.TrustAccountItems[{0}].ReceiptAmount","TA{0:00}RC":"Loan.TrustAccount.TrustAccountItems[{0}].ReceiptCheckNo"}