{"ABNN06":"Loan.AffiliatedBusinessArrangements[NN].AffiliateName","ABNN16":"Loan.AffiliatedBusinessArrangements[NN].ChargeRangeChargesDescription1","ABNN17":"Loan.AffiliatedBusinessArrangements[NN].ChargeRangeChargesDescription2","ABNN18":"Loan.AffiliatedBusinessArrangements[NN].ChargeRangeChargesDescription3","ABNN19":"Loan.AffiliatedBusinessArrangements[NN].ChargeRangeChargesDescription4","ABNN20":"Loan.AffiliatedBusinessArrangements[NN].ChargeRangeChargesDescription5","ABNN21":"Loan.AffiliatedBusinessArrangements[NN].ChargeRangeChargesDescription6","ABNN02":"Loan.AffiliatedBusinessArrangements[NN].LenderAddress","ABNN03":"Loan.AffiliatedBusinessArrangements[NN].LenderAddressCity","ABNN04":"Loan.AffiliatedBusinessArrangements[NN].LenderAddressState","ABNN05":"Loan.AffiliatedBusinessArrangements[NN].LenderAddressZipcode","ABNN01":"Loan.AffiliatedBusinessArrangements[NN].LenderName","ABNN07":"Loan.AffiliatedBusinessArrangements[NN].NatureOfRelationship","ABNN28":"Loan.AffiliatedBusinessArrangements[NN].PercentOwnershipInterest","ABNN09":"Loan.AffiliatedBusinessArrangements[NN].PurchaseSaleRefinanceIndicator","ABNN22":"Loan.AffiliatedBusinessArrangements[NN].RequiredUseIndicator1","ABNN23":"Loan.AffiliatedBusinessArrangements[NN].RequiredUseIndicator2","ABNN24":"Loan.AffiliatedBusinessArrangements[NN].RequiredUseIndicator3","ABNN25":"Loan.AffiliatedBusinessArrangements[NN].RequiredUseIndicator4","ABNN26":"Loan.AffiliatedBusinessArrangements[NN].RequiredUseIndicator5","ABNN27":"Loan.AffiliatedBusinessArrangements[NN].RequiredUseIndicator6","ABNN10":"Loan.AffiliatedBusinessArrangements[NN].ServiceDescription1","ABNN11":"Loan.AffiliatedBusinessArrangements[NN].ServiceDescription2","ABNN12":"Loan.AffiliatedBusinessArrangements[NN].ServiceDescription3","ABNN13":"Loan.AffiliatedBusinessArrangements[NN].ServiceDescription4","ABNN14":"Loan.AffiliatedBusinessArrangements[NN].ServiceDescription5","ABNN15":"Loan.AffiliatedBusinessArrangements[NN].ServiceDescription6","ABNN08":"Loan.AffiliatedBusinessArrangements[NN].SettlementIndicator","TRNN02":"Loan.ClosingDocument.ClosingEntities[(ClosingEntityType == 'Trustee')][NN].Alias","TRNN09":"Loan.ClosingDocument.ClosingEntities[(ClosingEntityType == 'Trustee')][NN].AuthorizedToSignIndicator","TRNN05":"Loan.ClosingDocument.ClosingEntities[(ClosingEntityType == 'Trustee')][NN].BorrowerPair","TRNN12":"Loan.ClosingDocument.ClosingEntities[(ClosingEntityType == 'Trustee')][NN].DateOfBirth","TRNN14":"Loan.ClosingDocument.ClosingEntities[(ClosingEntityType == 'Trustee')][NN].OccupancyIntent","TRNN13":"Loan.ClosingDocument.ClosingEntities[(ClosingEntityType == 'Trustee')][NN].OccupancyStatus","TRNN11":"Loan.ClosingDocument.ClosingEntities[(ClosingEntityType == 'Trustee')][NN].PoaSignatureText","TRNN07":"Loan.ClosingDocument.ClosingEntities[(ClosingEntityType == 'Trustee')][NN].PowerOfAttorney","TRNN03":"Loan.ClosingDocument.ClosingEntities[(ClosingEntityType == 'Trustee')][NN].Ssn","TRNN01":"Loan.ClosingDocument.ClosingEntities[(ClosingEntityType == 'Trustee')][NN].UnparsedName","TRNN08":"Loan.ClosingDocument.ClosingEntities[(ClosingEntityType == 'Trustee')][NN].Vesting","TRNN10":"Loan.ClosingDocument.ClosingEntities[(ClosingEntityType == 'Trustee')][NN].VestingGuid","TRNN06":"Loan.ClosingDocument.ClosingEntities[(ClosingEntityType == 'Trustee')][NN].VestingTrusteeOfType","TRNN04":"Loan.ClosingDocument.ClosingEntities[(ClosingEntityType == 'Trustee')][NN].VestingType","BENN05":"Loan.CurrentApplication.Employment[(Owner == 'Borrower')][NN].AddressCity","BENN07":"Loan.CurrentApplication.Employment[(Owner == 'Borrower')][NN].AddressPostalCode","BENN06":"Loan.CurrentApplication.Employment[(Owner == 'Borrower')][NN].AddressState","BENN04":"Loan.CurrentApplication.Employment[(Owner == 'Borrower')][NN].AddressStreetLine1","BENN99":"Loan.CurrentApplication.Employment[(Owner == 'Borrower')][NN].AltId","BENN03":"Loan.CurrentApplication.Employment[(Owner == 'Borrower')][NN].Attention","BENN39":"Loan.CurrentApplication.Employment[(Owner == 'Borrower')][NN].BadgeOrEmployeeID","BENN19":"Loan.CurrentApplication.Employment[(Owner == 'Borrower')][NN].BasePayAmount","BENN21":"Loan.CurrentApplication.Employment[(Owner == 'Borrower')][NN].BonusAmount","BENN32":"Loan.CurrentApplication.Employment[(Owner == 'Borrower')][NN].BusinessName","BENN27":"Loan.CurrentApplication.Employment[(Owner == 'Borrower')][NN].BusinessOwnedPercent","BENN28":"Loan.CurrentApplication.Employment[(Owner == 'Borrower')][NN].BusinessPhone","BENN22":"Loan.CurrentApplication.Employment[(Owner == 'Borrower')][NN].CommissionsAmount","BENN09":"Loan.CurrentApplication.Employment[(Owner == 'Borrower')][NN].CurrentEmploymentIndicator","BENN30":"Loan.CurrentApplication.Employment[(Owner == 'Borrower')][NN].Email","BENN31":"Loan.CurrentApplication.Employment[(Owner == 'Borrower')][NN].EmployerComments","BENN02":"Loan.CurrentApplication.Employment[(Owner == 'Borrower')][NN].EmployerName","BENN14":"Loan.CurrentApplication.Employment[(Owner == 'Borrower')][NN].EndDate","BENN29":"Loan.CurrentApplication.Employment[(Owner == 'Borrower')][NN].Fax","BENN12":"Loan.CurrentApplication.Employment[(Owner == 'Borrower')][NN].MonthlyIncomeAmount","BENN97":"Loan.CurrentApplication.Employment[(Owner == 'Borrower')][NN].NoLinkToDocTrackIndicator","BENN23":"Loan.CurrentApplication.Employment[(Owner == 'Borrower')][NN].OtherAmount","BENN20":"Loan.CurrentApplication.Employment[(Owner == 'Borrower')][NN].OvertimeAmount","BENN08":"Loan.CurrentApplication.Employment[(Owner == 'Borrower')][NN].Owner","BENN17":"Loan.CurrentApplication.Employment[(Owner == 'Borrower')][NN].PhoneNumber","BENN10":"Loan.CurrentApplication.Employment[(Owner == 'Borrower')][NN].PositionDescription","BENN36":"Loan.CurrentApplication.Employment[(Owner == 'Borrower')][NN].PrintAttachmentIndicator","BENN38":"Loan.CurrentApplication.Employment[(Owner == 'Borrower')][NN].PrintUserNameIndicator","BENN15":"Loan.CurrentApplication.Employment[(Owner == 'Borrower')][NN].SelfEmployedIndicator","BENN11":"Loan.CurrentApplication.Employment[(Owner == 'Borrower')][NN].StartDate","BENN16":"Loan.CurrentApplication.Employment[(Owner == 'Borrower')][NN].TimeInLineOfWorkYears","BENN33":"Loan.CurrentApplication.Employment[(Owner == 'Borrower')][NN].TimeOnJobTermMonths","BENN13":"Loan.CurrentApplication.Employment[(Owner == 'Borrower')][NN].TimeOnJobTermYears","BENN37":"Loan.CurrentApplication.Employment[(Owner == 'Borrower')][NN].Title","BENN45":"Loan.CurrentApplication.Employment[(Owner == 'Borrower')][NN].TitleFax","BENN44":"Loan.CurrentApplication.Employment[(Owner == 'Borrower')][NN].TitlePhone","BENN98":"Loan.CurrentApplication.Employment[(Owner == 'Borrower')][NN].VerificationRequestDate","CENN05":"Loan.CurrentApplication.Employment[(Owner == 'CoBorrower')][NN].AddressCity","CENN07":"Loan.CurrentApplication.Employment[(Owner == 'CoBorrower')][NN].AddressPostalCode","CENN06":"Loan.CurrentApplication.Employment[(Owner == 'CoBorrower')][NN].AddressState","CENN04":"Loan.CurrentApplication.Employment[(Owner == 'CoBorrower')][NN].AddressStreetLine1","CENN99":"Loan.CurrentApplication.Employment[(Owner == 'CoBorrower')][NN].AltId","CENN03":"Loan.CurrentApplication.Employment[(Owner == 'CoBorrower')][NN].Attention","CENN39":"Loan.CurrentApplication.Employment[(Owner == 'CoBorrower')][NN].BadgeOrEmployeeID","CENN19":"Loan.CurrentApplication.Employment[(Owner == 'CoBorrower')][NN].BasePayAmount","CENN21":"Loan.CurrentApplication.Employment[(Owner == 'CoBorrower')][NN].BonusAmount","CENN32":"Loan.CurrentApplication.Employment[(Owner == 'CoBorrower')][NN].BusinessName","CENN27":"Loan.CurrentApplication.Employment[(Owner == 'CoBorrower')][NN].BusinessOwnedPercent","CENN28":"Loan.CurrentApplication.Employment[(Owner == 'CoBorrower')][NN].BusinessPhone","CENN22":"Loan.CurrentApplication.Employment[(Owner == 'CoBorrower')][NN].CommissionsAmount","CENN09":"Loan.CurrentApplication.Employment[(Owner == 'CoBorrower')][NN].CurrentEmploymentIndicator","CENN30":"Loan.CurrentApplication.Employment[(Owner == 'CoBorrower')][NN].Email","CENN31":"Loan.CurrentApplication.Employment[(Owner == 'CoBorrower')][NN].EmployerComments","CENN02":"Loan.CurrentApplication.Employment[(Owner == 'CoBorrower')][NN].EmployerName","CENN14":"Loan.CurrentApplication.Employment[(Owner == 'CoBorrower')][NN].EndDate","CENN29":"Loan.CurrentApplication.Employment[(Owner == 'CoBorrower')][NN].Fax","CENN12":"Loan.CurrentApplication.Employment[(Owner == 'CoBorrower')][NN].MonthlyIncomeAmount","CENN97":"Loan.CurrentApplication.Employment[(Owner == 'CoBorrower')][NN].NoLinkToDocTrackIndicator","CENN23":"Loan.CurrentApplication.Employment[(Owner == 'CoBorrower')][NN].OtherAmount","CENN20":"Loan.CurrentApplication.Employment[(Owner == 'CoBorrower')][NN].OvertimeAmount","CENN08":"Loan.CurrentApplication.Employment[(Owner == 'CoBorrower')][NN].Owner","CENN17":"Loan.CurrentApplication.Employment[(Owner == 'CoBorrower')][NN].PhoneNumber","CENN10":"Loan.CurrentApplication.Employment[(Owner == 'CoBorrower')][NN].PositionDescription","CENN36":"Loan.CurrentApplication.Employment[(Owner == 'CoBorrower')][NN].PrintAttachmentIndicator","CENN38":"Loan.CurrentApplication.Employment[(Owner == 'CoBorrower')][NN].PrintUserNameIndicator","CENN15":"Loan.CurrentApplication.Employment[(Owner == 'CoBorrower')][NN].SelfEmployedIndicator","CENN11":"Loan.CurrentApplication.Employment[(Owner == 'CoBorrower')][NN].StartDate","CENN16":"Loan.CurrentApplication.Employment[(Owner == 'CoBorrower')][NN].TimeInLineOfWorkYears","CENN33":"Loan.CurrentApplication.Employment[(Owner == 'CoBorrower')][NN].TimeOnJobTermMonths","CENN13":"Loan.CurrentApplication.Employment[(Owner == 'CoBorrower')][NN].TimeOnJobTermYears","CENN37":"Loan.CurrentApplication.Employment[(Owner == 'CoBorrower')][NN].Title","CENN45":"Loan.CurrentApplication.Employment[(Owner == 'CoBorrower')][NN].TitleFax","CENN44":"Loan.CurrentApplication.Employment[(Owner == 'CoBorrower')][NN].TitlePhone","CENN98":"Loan.CurrentApplication.Employment[(Owner == 'CoBorrower')][NN].VerificationRequestDate","FLNN10":"Loan.CurrentApplication.Liabilities[(AccountIndicator == 'true')][NN].AccountIdentifier","FLNN03":"Loan.CurrentApplication.Liabilities[(AccountIndicator == 'true')][NN].Attention","FLNN98":"Loan.CurrentApplication.Liabilities[(AccountIndicator == 'true')][NN].Date","FLNN43":"Loan.CurrentApplication.Liabilities[(AccountIndicator == 'true')][NN].DescriptionOfPurpose","FLNN17":"Loan.CurrentApplication.Liabilities[(AccountIndicator == 'true')][NN].ExclusionIndicator","FLNN05":"Loan.CurrentApplication.Liabilities[(AccountIndicator == 'true')][NN].HolderAddressCity","FLNN07":"Loan.CurrentApplication.Liabilities[(AccountIndicator == 'true')][NN].HolderAddressPostalCode","FLNN06":"Loan.CurrentApplication.Liabilities[(AccountIndicator == 'true')][NN].HolderAddressState","FLNN04":"Loan.CurrentApplication.Liabilities[(AccountIndicator == 'true')][NN].HolderAddressStreetLine1","FLNN23":"Loan.CurrentApplication.Liabilities[(AccountIndicator == 'true')][NN].HolderComments","FLNN22":"Loan.CurrentApplication.Liabilities[(AccountIndicator == 'true')][NN].HolderEmail","FLNN21":"Loan.CurrentApplication.Liabilities[(AccountIndicator == 'true')][NN].HolderFax","FLNN02":"Loan.CurrentApplication.Liabilities[(AccountIndicator == 'true')][NN].HolderName","FLNN20":"Loan.CurrentApplication.Liabilities[(AccountIndicator == 'true')][NN].HolderPhone","FLNN61":"Loan.CurrentApplication.Liabilities[(AccountIndicator == 'true')][NN].IsDebtNotSecuredToSubjectPropertyIndicator","FLNN55":"Loan.CurrentApplication.Liabilities[(AccountIndicator == 'true')][NN].Lates12Month120Day","FLNN58":"Loan.CurrentApplication.Liabilities[(AccountIndicator == 'true')][NN].Lates12Month150Day","FLNN46":"Loan.CurrentApplication.Liabilities[(AccountIndicator == 'true')][NN].Lates12Month30Day","FLNN49":"Loan.CurrentApplication.Liabilities[(AccountIndicator == 'true')][NN].Lates12Month60Day","FLNN52":"Loan.CurrentApplication.Liabilities[(AccountIndicator == 'true')][NN].Lates12Month90Day","FLNN56":"Loan.CurrentApplication.Liabilities[(AccountIndicator == 'true')][NN].Lates24Month120Day","FLNN59":"Loan.CurrentApplication.Liabilities[(AccountIndicator == 'true')][NN].Lates24Month150Day","FLNN47":"Loan.CurrentApplication.Liabilities[(AccountIndicator == 'true')][NN].Lates24Month30Day","FLNN50":"Loan.CurrentApplication.Liabilities[(AccountIndicator == 'true')][NN].Lates24Month60Day","FLNN53":"Loan.CurrentApplication.Liabilities[(AccountIndicator == 'true')][NN].Lates24Month90Day","FLNN57":"Loan.CurrentApplication.Liabilities[(AccountIndicator == 'true')][NN].Lates25Month120Day","FLNN60":"Loan.CurrentApplication.Liabilities[(AccountIndicator == 'true')][NN].Lates25Month150Day","FLNN48":"Loan.CurrentApplication.Liabilities[(AccountIndicator == 'true')][NN].Lates25Month30Day","FLNN51":"Loan.CurrentApplication.Liabilities[(AccountIndicator == 'true')][NN].Lates25Month60Day","FLNN54":"Loan.CurrentApplication.Liabilities[(AccountIndicator == 'true')][NN].Lates25Month90Day","FLNN08":"Loan.CurrentApplication.Liabilities[(AccountIndicator == 'true')][NN].LiabilityType","FLNN11":"Loan.CurrentApplication.Liabilities[(AccountIndicator == 'true')][NN].MonthlyPaymentAmount","FLNN14":"Loan.CurrentApplication.Liabilities[(AccountIndicator == 'true')][NN].MonthsToExclude","FLNN09":"Loan.CurrentApplication.Liabilities[(AccountIndicator == 'true')][NN].NameInAccount","FLNN97":"Loan.CurrentApplication.Liabilities[(AccountIndicator == 'true')][NN].NoLinkToDocTrackIndicator","FLNN15":"Loan.CurrentApplication.Liabilities[(AccountIndicator == 'true')][NN].Owner","FLNN63":"Loan.CurrentApplication.Liabilities[(AccountIndicator == 'true')][NN].PayoffIncludedIndicator","FLNN18":"Loan.CurrentApplication.Liabilities[(AccountIndicator == 'true')][NN].PayoffStatusIndicator","FLNN39":"Loan.CurrentApplication.Liabilities[(AccountIndicator == 'true')][NN].PrepaymentPenaltyAmount","FLNN36":"Loan.CurrentApplication.Liabilities[(AccountIndicator == 'true')][NN].PrintAttachmentIndicator","FLNN38":"Loan.CurrentApplication.Liabilities[(AccountIndicator == 'true')][NN].PrintUserNameIndicator","FLNN12":"Loan.CurrentApplication.Liabilities[(AccountIndicator == 'true')][NN].RemainingTermMonths","FLNN25":"Loan.CurrentApplication.Liabilities[(AccountIndicator == 'true')][NN].ReoId","FLNN99":"Loan.CurrentApplication.Liabilities[(AccountIndicator == 'true')][NN].RequestId","FLNN26":"Loan.CurrentApplication.Liabilities[(AccountIndicator == 'true')][NN].SubjectLoanResubordinationIndicator","FLNN37":"Loan.CurrentApplication.Liabilities[(AccountIndicator == 'true')][NN].Title","FLNN45":"Loan.CurrentApplication.Liabilities[(AccountIndicator == 'true')][NN].TitleFax","FLNN44":"Loan.CurrentApplication.Liabilities[(AccountIndicator == 'true')][NN].TitlePhone","FLNN16":"Loan.CurrentApplication.Liabilities[(AccountIndicator == 'true')][NN].ToBePaidOffAmount","FLNN62":"Loan.CurrentApplication.Liabilities[(AccountIndicator == 'true')][NN].UCDPayoffType","FLNN13":"Loan.CurrentApplication.Liabilities[(AccountIndicator == 'true')][NN].UnpaidBalanceAmount","FMNN22":"Loan.CurrentApplication.ReoProperties[NN].AcquiredDate","FMNN06":"Loan.CurrentApplication.ReoProperties[NN].City","FMNN24":"Loan.CurrentApplication.ReoProperties[NN].DispositionStatusType","FMNN18":"Loan.CurrentApplication.ReoProperties[NN].GsePropertyType","FMNN16":"Loan.CurrentApplication.ReoProperties[NN].LienInstallmentAmount","FMNN17":"Loan.CurrentApplication.ReoProperties[NN].LienUpbAmount","FMNN21":"Loan.CurrentApplication.ReoProperties[NN].MaintenanceExpenseAmount","FMNN19":"Loan.CurrentApplication.ReoProperties[NN].MarketValueAmount","FMNN97":"Loan.CurrentApplication.ReoProperties[NN].NoLinkToDocTrackIndicator","FMNN14":"Loan.CurrentApplication.ReoProperties[NN].ParticipationPercentage","FMNN26":"Loan.CurrentApplication.ReoProperties[NN].PercentageofRental","FMNN08":"Loan.CurrentApplication.ReoProperties[NN].PostalCode","FMNN36":"Loan.CurrentApplication.ReoProperties[NN].PrintAttachIndicator","FMNN38":"Loan.CurrentApplication.ReoProperties[NN].PrintUserNameIndicator","FMNN41":"Loan.CurrentApplication.ReoProperties[NN].PropertyUsageType","FMNN23":"Loan.CurrentApplication.ReoProperties[NN].PurchasePrice","FMNN20":"Loan.CurrentApplication.ReoProperties[NN].RentalIncomeGrossAmount","FMNN32":"Loan.CurrentApplication.ReoProperties[NN].RentalIncomeNetAmount","FMNN25":"Loan.CurrentApplication.ReoProperties[NN].ReoComments","FMNN43":"Loan.CurrentApplication.ReoProperties[NN].ReoId","FMNN98":"Loan.CurrentApplication.ReoProperties[NN].RequestDate","FMNN07":"Loan.CurrentApplication.ReoProperties[NN].State","FMNN04":"Loan.CurrentApplication.ReoProperties[NN].StreetAddress","FMNN28":"Loan.CurrentApplication.ReoProperties[NN].SubjectIndicator","FMNN37":"Loan.CurrentApplication.ReoProperties[NN].Title","FMNN45":"Loan.CurrentApplication.ReoProperties[NN].TitleFax","FMNN44":"Loan.CurrentApplication.ReoProperties[NN].TitlePhone","BRNN14":"Loan.CurrentApplication.Residences[(ApplicantType == 'Borrower' && MailingAddressIndicator == 'false')][NN].AccountName","BRNN06":"Loan.CurrentApplication.Residences[(ApplicantType == 'Borrower' && MailingAddressIndicator == 'false')][NN].AddressCity","BRNN08":"Loan.CurrentApplication.Residences[(ApplicantType == 'Borrower' && MailingAddressIndicator == 'false')][NN].AddressPostalCode","BRNN07":"Loan.CurrentApplication.Residences[(ApplicantType == 'Borrower' && MailingAddressIndicator == 'false')][NN].AddressState","BRNN04":"Loan.CurrentApplication.Residences[(ApplicantType == 'Borrower' && MailingAddressIndicator == 'false')][NN].AddressStreetLine1","BRNN99":"Loan.CurrentApplication.Residences[(ApplicantType == 'Borrower' && MailingAddressIndicator == 'false')][NN].AltId","BRNN13":"Loan.CurrentApplication.Residences[(ApplicantType == 'Borrower' && MailingAddressIndicator == 'false')][NN].ApplicantType","BRNN22":"Loan.CurrentApplication.Residences[(ApplicantType == 'Borrower' && MailingAddressIndicator == 'false')][NN].County","BRNN24":"Loan.CurrentApplication.Residences[(ApplicantType == 'Borrower' && MailingAddressIndicator == 'false')][NN].DurationTermMonths","BRNN12":"Loan.CurrentApplication.Residences[(ApplicantType == 'Borrower' && MailingAddressIndicator == 'false')][NN].DurationTermYears","BRNN03":"Loan.CurrentApplication.Residences[(ApplicantType == 'Borrower' && MailingAddressIndicator == 'false')][NN].LandlordAttention","BRNN09":"Loan.CurrentApplication.Residences[(ApplicantType == 'Borrower' && MailingAddressIndicator == 'false')][NN].LandlordCity","BRNN21":"Loan.CurrentApplication.Residences[(ApplicantType == 'Borrower' && MailingAddressIndicator == 'false')][NN].LandlordComments","BRNN20":"Loan.CurrentApplication.Residences[(ApplicantType == 'Borrower' && MailingAddressIndicator == 'false')][NN].LandlordEmail","BRNN19":"Loan.CurrentApplication.Residences[(ApplicantType == 'Borrower' && MailingAddressIndicator == 'false')][NN].LandlordFax","BRNN02":"Loan.CurrentApplication.Residences[(ApplicantType == 'Borrower' && MailingAddressIndicator == 'false')][NN].LandlordName","BRNN18":"Loan.CurrentApplication.Residences[(ApplicantType == 'Borrower' && MailingAddressIndicator == 'false')][NN].LandlordPhone","BRNN11":"Loan.CurrentApplication.Residences[(ApplicantType == 'Borrower' && MailingAddressIndicator == 'false')][NN].LandlordPostalCode","BRNN10":"Loan.CurrentApplication.Residences[(ApplicantType == 'Borrower' && MailingAddressIndicator == 'false')][NN].LandlordState","BRNN05":"Loan.CurrentApplication.Residences[(ApplicantType == 'Borrower' && MailingAddressIndicator == 'false')][NN].LandlordStreet","BRNN97":"Loan.CurrentApplication.Residences[(ApplicantType == 'Borrower' && MailingAddressIndicator == 'false')][NN].NoLinkToDocTrackIndicator","BRNN36":"Loan.CurrentApplication.Residences[(ApplicantType == 'Borrower' && MailingAddressIndicator == 'false')][NN].PrintAttachmentIndicator","BRNN38":"Loan.CurrentApplication.Residences[(ApplicantType == 'Borrower' && MailingAddressIndicator == 'false')][NN].PrintUserNameIndicator","BRNN16":"Loan.CurrentApplication.Residences[(ApplicantType == 'Borrower' && MailingAddressIndicator == 'false')][NN].Rent","BRNN98":"Loan.CurrentApplication.Residences[(ApplicantType == 'Borrower' && MailingAddressIndicator == 'false')][NN].RequestDate","BRNN15":"Loan.CurrentApplication.Residences[(ApplicantType == 'Borrower' && MailingAddressIndicator == 'false')][NN].ResidencyBasisType","BRNN23":"Loan.CurrentApplication.Residences[(ApplicantType == 'Borrower' && MailingAddressIndicator == 'false')][NN].ResidencyType","BRNN37":"Loan.CurrentApplication.Residences[(ApplicantType == 'Borrower' && MailingAddressIndicator == 'false')][NN].Title","BRNN45":"Loan.CurrentApplication.Residences[(ApplicantType == 'Borrower' && MailingAddressIndicator == 'false')][NN].TitleFax","BRNN44":"Loan.CurrentApplication.Residences[(ApplicantType == 'Borrower' && MailingAddressIndicator == 'false')][NN].TitlePhone","CRNN14":"Loan.CurrentApplication.Residences[(ApplicantType == 'CoBorrower' && MailingAddressIndicator == 'false')][NN].AccountName","CRNN06":"Loan.CurrentApplication.Residences[(ApplicantType == 'CoBorrower' && MailingAddressIndicator == 'false')][NN].AddressCity","CRNN08":"Loan.CurrentApplication.Residences[(ApplicantType == 'CoBorrower' && MailingAddressIndicator == 'false')][NN].AddressPostalCode","CRNN07":"Loan.CurrentApplication.Residences[(ApplicantType == 'CoBorrower' && MailingAddressIndicator == 'false')][NN].AddressState","CRNN04":"Loan.CurrentApplication.Residences[(ApplicantType == 'CoBorrower' && MailingAddressIndicator == 'false')][NN].AddressStreetLine1","CRNN99":"Loan.CurrentApplication.Residences[(ApplicantType == 'CoBorrower' && MailingAddressIndicator == 'false')][NN].AltId","CRNN13":"Loan.CurrentApplication.Residences[(ApplicantType == 'CoBorrower' && MailingAddressIndicator == 'false')][NN].ApplicantType","CRNN22":"Loan.CurrentApplication.Residences[(ApplicantType == 'CoBorrower' && MailingAddressIndicator == 'false')][NN].County","CRNN24":"Loan.CurrentApplication.Residences[(ApplicantType == 'CoBorrower' && MailingAddressIndicator == 'false')][NN].DurationTermMonths","CRNN12":"Loan.CurrentApplication.Residences[(ApplicantType == 'CoBorrower' && MailingAddressIndicator == 'false')][NN].DurationTermYears","CRNN03":"Loan.CurrentApplication.Residences[(ApplicantType == 'CoBorrower' && MailingAddressIndicator == 'false')][NN].LandlordAttention","CRNN09":"Loan.CurrentApplication.Residences[(ApplicantType == 'CoBorrower' && MailingAddressIndicator == 'false')][NN].LandlordCity","CRNN21":"Loan.CurrentApplication.Residences[(ApplicantType == 'CoBorrower' && MailingAddressIndicator == 'false')][NN].LandlordComments","CRNN20":"Loan.CurrentApplication.Residences[(ApplicantType == 'CoBorrower' && MailingAddressIndicator == 'false')][NN].LandlordEmail","CRNN19":"Loan.CurrentApplication.Residences[(ApplicantType == 'CoBorrower' && MailingAddressIndicator == 'false')][NN].LandlordFax","CRNN02":"Loan.CurrentApplication.Residences[(ApplicantType == 'CoBorrower' && MailingAddressIndicator == 'false')][NN].LandlordName","CRNN18":"Loan.CurrentApplication.Residences[(ApplicantType == 'CoBorrower' && MailingAddressIndicator == 'false')][NN].LandlordPhone","CRNN11":"Loan.CurrentApplication.Residences[(ApplicantType == 'CoBorrower' && MailingAddressIndicator == 'false')][NN].LandlordPostalCode","CRNN10":"Loan.CurrentApplication.Residences[(ApplicantType == 'CoBorrower' && MailingAddressIndicator == 'false')][NN].LandlordState","CRNN05":"Loan.CurrentApplication.Residences[(ApplicantType == 'CoBorrower' && MailingAddressIndicator == 'false')][NN].LandlordStreet","CRNN97":"Loan.CurrentApplication.Residences[(ApplicantType == 'CoBorrower' && MailingAddressIndicator == 'false')][NN].NoLinkToDocTrackIndicator","CRNN36":"Loan.CurrentApplication.Residences[(ApplicantType == 'CoBorrower' && MailingAddressIndicator == 'false')][NN].PrintAttachmentIndicator","CRNN38":"Loan.CurrentApplication.Residences[(ApplicantType == 'CoBorrower' && MailingAddressIndicator == 'false')][NN].PrintUserNameIndicator","CRNN16":"Loan.CurrentApplication.Residences[(ApplicantType == 'CoBorrower' && MailingAddressIndicator == 'false')][NN].Rent","CRNN98":"Loan.CurrentApplication.Residences[(ApplicantType == 'CoBorrower' && MailingAddressIndicator == 'false')][NN].RequestDate","CRNN15":"Loan.CurrentApplication.Residences[(ApplicantType == 'CoBorrower' && MailingAddressIndicator == 'false')][NN].ResidencyBasisType","CRNN23":"Loan.CurrentApplication.Residences[(ApplicantType == 'CoBorrower' && MailingAddressIndicator == 'false')][NN].ResidencyType","CRNN37":"Loan.CurrentApplication.Residences[(ApplicantType == 'CoBorrower' && MailingAddressIndicator == 'false')][NN].Title","CRNN45":"Loan.CurrentApplication.Residences[(ApplicantType == 'CoBorrower' && MailingAddressIndicator == 'false')][NN].TitleFax","CRNN44":"Loan.CurrentApplication.Residences[(ApplicantType == 'CoBorrower' && MailingAddressIndicator == 'false')][NN].TitlePhone","ARNN35":"Loan.CurrentApplication.Tax4506s[(Tax4506TIndicator == 'false' && HistoryIndicator == 'true')][NN].Address","ARNN36":"Loan.CurrentApplication.Tax4506s[(Tax4506TIndicator == 'false' && HistoryIndicator == 'true')][NN].City","ARNN52":"Loan.CurrentApplication.Tax4506s[(Tax4506TIndicator == 'false' && HistoryIndicator == 'true')][NN].CostForEachPeriod","ARNN39":"Loan.CurrentApplication.Tax4506s[(Tax4506TIndicator == 'false' && HistoryIndicator == 'true')][NN].CurrentFirst","ARNN40":"Loan.CurrentApplication.Tax4506s[(Tax4506TIndicator == 'false' && HistoryIndicator == 'true')][NN].CurrentLast","ARNN02":"Loan.CurrentApplication.Tax4506s[(Tax4506TIndicator == 'false' && HistoryIndicator == 'true')][NN].First","ARNN63":"Loan.CurrentApplication.Tax4506s[(Tax4506TIndicator == 'false' && HistoryIndicator == 'true')][NN].HistoryId","ARNN14":"Loan.CurrentApplication.Tax4506s[(Tax4506TIndicator == 'false' && HistoryIndicator == 'true')][NN].IfTaxRecordNotFound","ARNN03":"Loan.CurrentApplication.Tax4506s[(Tax4506TIndicator == 'false' && HistoryIndicator == 'true')][NN].Last","ARNN61":"Loan.CurrentApplication.Tax4506s[(Tax4506TIndicator == 'false' && HistoryIndicator == 'true')][NN].LastUpdatedDate","ARNN62":"Loan.CurrentApplication.Tax4506s[(Tax4506TIndicator == 'false' && HistoryIndicator == 'true')][NN].LastUpdatedTime","ARNN31":"Loan.CurrentApplication.Tax4506s[(Tax4506TIndicator == 'false' && HistoryIndicator == 'true')][NN].NumberOfPeriods","ARNN01":"Loan.CurrentApplication.Tax4506s[(Tax4506TIndicator == 'false' && HistoryIndicator == 'true')][NN].Person","ARNN27":"Loan.CurrentApplication.Tax4506s[(Tax4506TIndicator == 'false' && HistoryIndicator == 'true')][NN].RequestorPhoneNumber","ARNN28":"Loan.CurrentApplication.Tax4506s[(Tax4506TIndicator == 'false' && HistoryIndicator == 'true')][NN].RequestorTitle","ARNN25":"Loan.CurrentApplication.Tax4506s[(Tax4506TIndicator == 'false' && HistoryIndicator == 'true')][NN].RequestYear1","ARNN26":"Loan.CurrentApplication.Tax4506s[(Tax4506TIndicator == 'false' && HistoryIndicator == 'true')][NN].RequestYear2","ARNN29":"Loan.CurrentApplication.Tax4506s[(Tax4506TIndicator == 'false' && HistoryIndicator == 'true')][NN].RequestYear3","ARNN30":"Loan.CurrentApplication.Tax4506s[(Tax4506TIndicator == 'false' && HistoryIndicator == 'true')][NN].RequestYear4","ARNN53":"Loan.CurrentApplication.Tax4506s[(Tax4506TIndicator == 'false' && HistoryIndicator == 'true')][NN].RequestYear5","ARNN54":"Loan.CurrentApplication.Tax4506s[(Tax4506TIndicator == 'false' && HistoryIndicator == 'true')][NN].RequestYear6","ARNN55":"Loan.CurrentApplication.Tax4506s[(Tax4506TIndicator == 'false' && HistoryIndicator == 'true')][NN].RequestYear7","ARNN56":"Loan.CurrentApplication.Tax4506s[(Tax4506TIndicator == 'false' && HistoryIndicator == 'true')][NN].RequestYear8","ARNN41":"Loan.CurrentApplication.Tax4506s[(Tax4506TIndicator == 'false' && HistoryIndicator == 'true')][NN].ReturnAddress","ARNN42":"Loan.CurrentApplication.Tax4506s[(Tax4506TIndicator == 'false' && HistoryIndicator == 'true')][NN].ReturnCity","ARNN43":"Loan.CurrentApplication.Tax4506s[(Tax4506TIndicator == 'false' && HistoryIndicator == 'true')][NN].ReturnState","ARNN44":"Loan.CurrentApplication.Tax4506s[(Tax4506TIndicator == 'false' && HistoryIndicator == 'true')][NN].ReturnZip","ARNN10":"Loan.CurrentApplication.Tax4506s[(Tax4506TIndicator == 'false' && HistoryIndicator == 'true')][NN].SendAddress","ARNN11":"Loan.CurrentApplication.Tax4506s[(Tax4506TIndicator == 'false' && HistoryIndicator == 'true')][NN].SendCity","ARNN08":"Loan.CurrentApplication.Tax4506s[(Tax4506TIndicator == 'false' && HistoryIndicator == 'true')][NN].SendFirst","ARNN09":"Loan.CurrentApplication.Tax4506s[(Tax4506TIndicator == 'false' && HistoryIndicator == 'true')][NN].SendLast","ARNN45":"Loan.CurrentApplication.Tax4506s[(Tax4506TIndicator == 'false' && HistoryIndicator == 'true')][NN].SendPhone","ARNN12":"Loan.CurrentApplication.Tax4506s[(Tax4506TIndicator == 'false' && HistoryIndicator == 'true')][NN].SendState","ARNN13":"Loan.CurrentApplication.Tax4506s[(Tax4506TIndicator == 'false' && HistoryIndicator == 'true')][NN].SendZip","ARNN06":"Loan.CurrentApplication.Tax4506s[(Tax4506TIndicator == 'false' && HistoryIndicator == 'true')][NN].SpouseFirst","ARNN07":"Loan.CurrentApplication.Tax4506s[(Tax4506TIndicator == 'false' && HistoryIndicator == 'true')][NN].SpouseLast","ARNN05":"Loan.CurrentApplication.Tax4506s[(Tax4506TIndicator == 'false' && HistoryIndicator == 'true')][NN].SpouseSSN","ARNN58":"Loan.CurrentApplication.Tax4506s[(Tax4506TIndicator == 'false' && HistoryIndicator == 'true')][NN].SpouseUseEIN","ARNN04":"Loan.CurrentApplication.Tax4506s[(Tax4506TIndicator == 'false' && HistoryIndicator == 'true')][NN].SSN","ARNN37":"Loan.CurrentApplication.Tax4506s[(Tax4506TIndicator == 'false' && HistoryIndicator == 'true')][NN].State","ARNN24":"Loan.CurrentApplication.Tax4506s[(Tax4506TIndicator == 'false' && HistoryIndicator == 'true')][NN].TaxFormNumber","ARNN18":"Loan.CurrentApplication.Tax4506s[(Tax4506TIndicator == 'false' && HistoryIndicator == 'true')][NN].TheseCopiesMustBeCertified","ARNN32":"Loan.CurrentApplication.Tax4506s[(Tax4506TIndicator == 'false' && HistoryIndicator == 'true')][NN].TotalCost","ARNN57":"Loan.CurrentApplication.Tax4506s[(Tax4506TIndicator == 'false' && HistoryIndicator == 'true')][NN].UseEIN","ARNN59":"Loan.CurrentApplication.Tax4506s[(Tax4506TIndicator == 'false' && HistoryIndicator == 'true')][NN].UseWellsFargoRules","ARNN38":"Loan.CurrentApplication.Tax4506s[(Tax4506TIndicator == 'false' && HistoryIndicator == 'true')][NN].Zip","IRNN47":"Loan.CurrentApplication.Tax4506s[(Tax4506TIndicator == 'true' && HistoryIndicator == 'true')][NN].AccountTranscript","IRNN35":"Loan.CurrentApplication.Tax4506s[(Tax4506TIndicator == 'true' && HistoryIndicator == 'true')][NN].Address","IRNN36":"Loan.CurrentApplication.Tax4506s[(Tax4506TIndicator == 'true' && HistoryIndicator == 'true')][NN].City","IRNN39":"Loan.CurrentApplication.Tax4506s[(Tax4506TIndicator == 'true' && HistoryIndicator == 'true')][NN].CurrentFirst","IRNN40":"Loan.CurrentApplication.Tax4506s[(Tax4506TIndicator == 'true' && HistoryIndicator == 'true')][NN].CurrentLast","IRNN02":"Loan.CurrentApplication.Tax4506s[(Tax4506TIndicator == 'true' && HistoryIndicator == 'true')][NN].First","IRNN50":"Loan.CurrentApplication.Tax4506s[(Tax4506TIndicator == 'true' && HistoryIndicator == 'true')][NN].FormsSeriesTranscript","IRNN63":"Loan.CurrentApplication.Tax4506s[(Tax4506TIndicator == 'true' && HistoryIndicator == 'true')][NN].HistoryId","IRNN03":"Loan.CurrentApplication.Tax4506s[(Tax4506TIndicator == 'true' && HistoryIndicator == 'true')][NN].Last","IRNN61":"Loan.CurrentApplication.Tax4506s[(Tax4506TIndicator == 'true' && HistoryIndicator == 'true')][NN].LastUpdatedDate","IRNN62":"Loan.CurrentApplication.Tax4506s[(Tax4506TIndicator == 'true' && HistoryIndicator == 'true')][NN].LastUpdatedTime","IRNN60":"Loan.CurrentApplication.Tax4506s[(Tax4506TIndicator == 'true' && HistoryIndicator == 'true')][NN].NotifiedIrsIdentityTheftIndicator","IRNN01":"Loan.CurrentApplication.Tax4506s[(Tax4506TIndicator == 'true' && HistoryIndicator == 'true')][NN].Person","IRNN48":"Loan.CurrentApplication.Tax4506s[(Tax4506TIndicator == 'true' && HistoryIndicator == 'true')][NN].RecordOfAccount","IRNN27":"Loan.CurrentApplication.Tax4506s[(Tax4506TIndicator == 'true' && HistoryIndicator == 'true')][NN].RequestorPhoneNumber","IRNN28":"Loan.CurrentApplication.Tax4506s[(Tax4506TIndicator == 'true' && HistoryIndicator == 'true')][NN].RequestorTitle","IRNN25":"Loan.CurrentApplication.Tax4506s[(Tax4506TIndicator == 'true' && HistoryIndicator == 'true')][NN].RequestYear1","IRNN26":"Loan.CurrentApplication.Tax4506s[(Tax4506TIndicator == 'true' && HistoryIndicator == 'true')][NN].RequestYear2","IRNN29":"Loan.CurrentApplication.Tax4506s[(Tax4506TIndicator == 'true' && HistoryIndicator == 'true')][NN].RequestYear3","IRNN30":"Loan.CurrentApplication.Tax4506s[(Tax4506TIndicator == 'true' && HistoryIndicator == 'true')][NN].RequestYear4","IRNN41":"Loan.CurrentApplication.Tax4506s[(Tax4506TIndicator == 'true' && HistoryIndicator == 'true')][NN].ReturnAddress","IRNN42":"Loan.CurrentApplication.Tax4506s[(Tax4506TIndicator == 'true' && HistoryIndicator == 'true')][NN].ReturnCity","IRNN43":"Loan.CurrentApplication.Tax4506s[(Tax4506TIndicator == 'true' && HistoryIndicator == 'true')][NN].ReturnState","IRNN46":"Loan.CurrentApplication.Tax4506s[(Tax4506TIndicator == 'true' && HistoryIndicator == 'true')][NN].ReturnTranscript","IRNN44":"Loan.CurrentApplication.Tax4506s[(Tax4506TIndicator == 'true' && HistoryIndicator == 'true')][NN].ReturnZip","IRNN10":"Loan.CurrentApplication.Tax4506s[(Tax4506TIndicator == 'true' && HistoryIndicator == 'true')][NN].SendAddress","IRNN11":"Loan.CurrentApplication.Tax4506s[(Tax4506TIndicator == 'true' && HistoryIndicator == 'true')][NN].SendCity","IRNN08":"Loan.CurrentApplication.Tax4506s[(Tax4506TIndicator == 'true' && HistoryIndicator == 'true')][NN].SendFirst","IRNN09":"Loan.CurrentApplication.Tax4506s[(Tax4506TIndicator == 'true' && HistoryIndicator == 'true')][NN].SendLast","IRNN45":"Loan.CurrentApplication.Tax4506s[(Tax4506TIndicator == 'true' && HistoryIndicator == 'true')][NN].SendPhone","IRNN12":"Loan.CurrentApplication.Tax4506s[(Tax4506TIndicator == 'true' && HistoryIndicator == 'true')][NN].SendState","IRNN13":"Loan.CurrentApplication.Tax4506s[(Tax4506TIndicator == 'true' && HistoryIndicator == 'true')][NN].SendZip","IRNN06":"Loan.CurrentApplication.Tax4506s[(Tax4506TIndicator == 'true' && HistoryIndicator == 'true')][NN].SpouseFirst","IRNN07":"Loan.CurrentApplication.Tax4506s[(Tax4506TIndicator == 'true' && HistoryIndicator == 'true')][NN].SpouseLast","IRNN05":"Loan.CurrentApplication.Tax4506s[(Tax4506TIndicator == 'true' && HistoryIndicator == 'true')][NN].SpouseSSN","IRNN58":"Loan.CurrentApplication.Tax4506s[(Tax4506TIndicator == 'true' && HistoryIndicator == 'true')][NN].SpouseUseEIN","IRNN04":"Loan.CurrentApplication.Tax4506s[(Tax4506TIndicator == 'true' && HistoryIndicator == 'true')][NN].SSN","IRNN37":"Loan.CurrentApplication.Tax4506s[(Tax4506TIndicator == 'true' && HistoryIndicator == 'true')][NN].State","IRNN24":"Loan.CurrentApplication.Tax4506s[(Tax4506TIndicator == 'true' && HistoryIndicator == 'true')][NN].TaxFormNumber","IRNN57":"Loan.CurrentApplication.Tax4506s[(Tax4506TIndicator == 'true' && HistoryIndicator == 'true')][NN].UseEIN","IRNN59":"Loan.CurrentApplication.Tax4506s[(Tax4506TIndicator == 'true' && HistoryIndicator == 'true')][NN].UseWellsFargoRules","IRNN49":"Loan.CurrentApplication.Tax4506s[(Tax4506TIndicator == 'true' && HistoryIndicator == 'true')][NN].VerificationOfNonfiling","IRNN38":"Loan.CurrentApplication.Tax4506s[(Tax4506TIndicator == 'true' && HistoryIndicator == 'true')][NN].Zip","TQL4506TNN99":"Loan.CurrentApplication.TQLReports[NN].AltId","TQL4506TNN21":"Loan.CurrentApplication.TQLReports[NN].BorrowerID1","TQL4506TNN31":"Loan.CurrentApplication.TQLReports[NN].BorrowerID2","TQL4506TNN41":"Loan.CurrentApplication.TQLReports[NN].BorrowerID3","TQL4506TNN51":"Loan.CurrentApplication.TQLReports[NN].BorrowerID4","TQL4506TNN03":"Loan.CurrentApplication.TQLReports[NN].CompletedDate","TQL4506TNN06":"Loan.CurrentApplication.TQLReports[NN].Investor","TQL4506TNN02":"Loan.CurrentApplication.TQLReports[NN].OrderDate","TQL4506TNN05":"Loan.CurrentApplication.TQLReports[NN].OrderNumber","TQL4506TNN04":"Loan.CurrentApplication.TQLReports[NN].OrderStatus","TQL4506TNN23":"Loan.CurrentApplication.TQLReports[NN].PercentVariance1","TQL4506TNN33":"Loan.CurrentApplication.TQLReports[NN].PercentVariance2","TQL4506TNN43":"Loan.CurrentApplication.TQLReports[NN].PercentVariance3","TQL4506TNN53":"Loan.CurrentApplication.TQLReports[NN].PercentVariance4","TQL4506TNN07":"Loan.CurrentApplication.TQLReports[NN].ProductsOrdered","TQL4506TNN20":"Loan.CurrentApplication.TQLReports[NN].ReportYear1","TQL4506TNN30":"Loan.CurrentApplication.TQLReports[NN].ReportYear2","TQL4506TNN40":"Loan.CurrentApplication.TQLReports[NN].ReportYear3","TQL4506TNN50":"Loan.CurrentApplication.TQLReports[NN].ReportYear4","TQL4506TNN22":"Loan.CurrentApplication.TQLReports[NN].TotalIncome1","TQL4506TNN32":"Loan.CurrentApplication.TQLReports[NN].TotalIncome2","TQL4506TNN42":"Loan.CurrentApplication.TQLReports[NN].TotalIncome3","TQL4506TNN52":"Loan.CurrentApplication.TQLReports[NN].TotalIncome4","TQL4506TNN08":"Loan.CurrentApplication.TQLReports[NN].TranscriptType","TQL4506TNN01":"Loan.CurrentApplication.TQLReports[NN].UserID","HCNN03":"Loan.HomeCounselingProviders[NN].AgencyAddress","HCNN04":"Loan.HomeCounselingProviders[NN].AgencyAddressCity","HCNN06":"Loan.HomeCounselingProviders[NN].AgencyAddressPostalCode","HCNN05":"Loan.HomeCounselingProviders[NN].AgencyAddressState","HCNN15":"Loan.HomeCounselingProviders[NN].AgencyAffiliationDescription","HCNN14":"Loan.HomeCounselingProviders[NN].AgencyAffiliationIndicator","HCNN10":"Loan.HomeCounselingProviders[NN].AgencyEmail","HCNN09":"Loan.HomeCounselingProviders[NN].AgencyFax","HCNN99":"Loan.HomeCounselingProviders[NN].AgencyId","HCNN02":"Loan.HomeCounselingProviders[NN].AgencyName","HCNN07":"Loan.HomeCounselingProviders[NN].AgencyPhoneDirect","HCNN08":"Loan.HomeCounselingProviders[NN].AgencyPhoneTollFree","HCNN16":"Loan.HomeCounselingProviders[NN].AgencySource","HCNN11":"Loan.HomeCounselingProviders[NN].AgencyWebAddress","HCNN13":"Loan.HomeCounselingProviders[NN].CounselingServicesProvided","HCNN17":"Loan.HomeCounselingProviders[NN].DistanceMiles","HCNN12":"Loan.HomeCounselingProviders[NN].LanguagesSupported","HCNN01":"Loan.HomeCounselingProviders[NN].SelectedIndicator","HUDNN10":"Loan.Hud1Es.Hud1EsDates[NN].AggrMthDisb","HUDNN60":"Loan.Hud1Es.Hud1EsDates[NN].AnnualFee","HUDNN11":"Loan.Hud1Es.Hud1EsDates[NN].Balance","HUDNN01":"Loan.Hud1Es.Hud1EsDates[NN].Date","HUDNN05":"Loan.Hud1Es.Hud1EsDates[NN].FloodInsDisb","HUDNN03":"Loan.Hud1Es.Hud1EsDates[NN].HazInsDisb","HUDNN04":"Loan.Hud1Es.Hud1EsDates[NN].MtgInsDisb","HUDNN06":"Loan.Hud1Es.Hud1EsDates[NN].SchoolTaxes","HUDNN02":"Loan.Hud1Es.Hud1EsDates[NN].TaxDisb","HUDNN07":"Loan.Hud1Es.Hud1EsDates[NN].UserDefined1","HUDNN08":"Loan.Hud1Es.Hud1EsDates[NN].UserDefined2","HUDNN09":"Loan.Hud1Es.Hud1EsDates[NN].UserDefined3","HUDNN49":"Loan.Hud1Es.Hud1EsDueDates[NN].AnnualFee","HUDNN44":"Loan.Hud1Es.Hud1EsDueDates[NN].FloodInsDisb","HUDNN42":"Loan.Hud1Es.Hud1EsDueDates[NN].HazInsDisb","HUDNN43":"Loan.Hud1Es.Hud1EsDueDates[NN].MtgInsDisb","HUDNN45":"Loan.Hud1Es.Hud1EsDueDates[NN].SchoolTaxes","HUDNN41":"Loan.Hud1Es.Hud1EsDueDates[NN].TaxDisb","HUDNN46":"Loan.Hud1Es.Hud1EsDueDates[NN].UserDefined1","HUDNN47":"Loan.Hud1Es.Hud1EsDueDates[NN].UserDefined2","HUDNN48":"Loan.Hud1Es.Hud1EsDueDates[NN].UserDefined3","AEANN01":"Loan.Hud1Es.Hud1EsItemizes[NN].Date","AEANN05":"Loan.Hud1Es.Hud1EsItemizes[NN].EscrowPaymentBalance","AEANN04":"Loan.Hud1Es.Hud1EsItemizes[NN].EscrowPaymentDescription","AEANN03":"Loan.Hud1Es.Hud1EsItemizes[NN].EscrowPaymentFrom","AEANN02":"Loan.Hud1Es.Hud1EsItemizes[NN].EscrowPaymentTo","HUDNN58":"Loan.Hud1Es.Hud1EsSetups[NN].AnnualFeePrepaid","HUDNN21":"Loan.Hud1Es.Hud1EsSetups[NN].AnnualFees","HUDNN12":"Loan.Hud1Es.Hud1EsSetups[NN].Date","HUDNN16":"Loan.Hud1Es.Hud1EsSetups[NN].FloodInsDisb","HUDNN53":"Loan.Hud1Es.Hud1EsSetups[NN].FloodInsPrepaid","HUDNN14":"Loan.Hud1Es.Hud1EsSetups[NN].HazInsDisb","HUDNN51":"Loan.Hud1Es.Hud1EsSetups[NN].HazInsPrepaid","HUDNN15":"Loan.Hud1Es.Hud1EsSetups[NN].MtgInsDisb","HUDNN52":"Loan.Hud1Es.Hud1EsSetups[NN].MtgInsPrepaid","HUDNN17":"Loan.Hud1Es.Hud1EsSetups[NN].SchoolTaxes","HUDNN54":"Loan.Hud1Es.Hud1EsSetups[NN].SchoolTaxesPrepaid","HUDNN13":"Loan.Hud1Es.Hud1EsSetups[NN].TaxDisb","HUDNN50":"Loan.Hud1Es.Hud1EsSetups[NN].TaxPrepaid","HUDNN18":"Loan.Hud1Es.Hud1EsSetups[NN].UserDefined1","HUDNN19":"Loan.Hud1Es.Hud1EsSetups[NN].UserDefined2","HUDNN20":"Loan.Hud1Es.Hud1EsSetups[NN].UserDefined3","HUDNN55":"Loan.Hud1Es.Hud1EsSetups[NN].UserDefinedPrepaid1","HUDNN56":"Loan.Hud1Es.Hud1EsSetups[NN].UserDefinedPrepaid2","HUDNN57":"Loan.Hud1Es.Hud1EsSetups[NN].UserDefinedPrepaid3","HTRNN04":"Loan.LoanProductData.HelocRepaymentDrawPeriods[(DrawIndicator == 'False')][NN].Apr","HTRNN02":"Loan.LoanProductData.HelocRepaymentDrawPeriods[(DrawIndicator == 'False')][NN].IndexRatePercent","HTRNN03":"Loan.LoanProductData.HelocRepaymentDrawPeriods[(DrawIndicator == 'False')][NN].MarginRatePercent","HTRNN05":"Loan.LoanProductData.HelocRepaymentDrawPeriods[(DrawIndicator == 'False')][NN].MinimumMonthlyPaymentAmount","HTRNN01":"Loan.LoanProductData.HelocRepaymentDrawPeriods[(DrawIndicator == 'False')][NN].Year","HTDNN04":"Loan.LoanProductData.HelocRepaymentDrawPeriods[(DrawIndicator == 'True')][NN].Apr","HTDNN02":"Loan.LoanProductData.HelocRepaymentDrawPeriods[(DrawIndicator == 'True')][NN].IndexRatePercent","HTDNN03":"Loan.LoanProductData.HelocRepaymentDrawPeriods[(DrawIndicator == 'True')][NN].MarginRatePercent","HTDNN05":"Loan.LoanProductData.HelocRepaymentDrawPeriods[(DrawIndicator == 'True')][NN].MinimumMonthlyPaymentAmount","HTDNN01":"Loan.LoanProductData.HelocRepaymentDrawPeriods[(DrawIndicator == 'True')][NN].Year","LPNN113":"Loan.LoanPrograms[NN].Acquisition","LPNN67":"Loan.LoanPrograms[NN].AdditionalArmInformation","LPNN82":"Loan.LoanPrograms[NN].AllDateAndNumericalDisclosures","LPNN115":"Loan.LoanPrograms[NN].AnnualFeeNeeded","LPNN86":"Loan.LoanPrograms[NN].ArmTypeDescription","LPNN75":"Loan.LoanPrograms[NN].AssumptionOnYourProperty","LPNN11":"Loan.LoanPrograms[NN].BalloonLoanMaturityTermMonths","LPNN13":"Loan.LoanPrograms[NN].BuydownChangeFrequencyMonths1","LPNN15":"Loan.LoanPrograms[NN].BuydownChangeFrequencyMonths2","LPNN17":"Loan.LoanPrograms[NN].BuydownChangeFrequencyMonths3","LPNN19":"Loan.LoanPrograms[NN].BuydownChangeFrequencyMonths4","LPNN21":"Loan.LoanPrograms[NN].BuydownChangeFrequencyMonths5","LPNN23":"Loan.LoanPrograms[NN].BuydownChangeFrequencyMonths6","LPNN12":"Loan.LoanPrograms[NN].BuydownIncreaseRatePercent1","LPNN14":"Loan.LoanPrograms[NN].BuydownIncreaseRatePercent2","LPNN16":"Loan.LoanPrograms[NN].BuydownIncreaseRatePercent3","LPNN18":"Loan.LoanPrograms[NN].BuydownIncreaseRatePercent4","LPNN20":"Loan.LoanPrograms[NN].BuydownIncreaseRatePercent5","LPNN22":"Loan.LoanPrograms[NN].BuydownIncreaseRatePercent6","LPNN99":"Loan.LoanPrograms[NN].CalculateBasedOnRemainingBalance","LPNN97":"Loan.LoanPrograms[NN].ClosingCostProgram","LPNN56":"Loan.LoanPrograms[NN].ConstructionDescription","LPNN55":"Loan.LoanPrograms[NN].ConstructionInterestReserveAmount","LPNN112":"Loan.LoanPrograms[NN].ConstructionLoanMethod","LPNN53":"Loan.LoanPrograms[NN].ConstructionPeriodMonths","LPNN54":"Loan.LoanPrograms[NN].ConstructionRate","LPNN79":"Loan.LoanPrograms[NN].Convertible","LPNN90":"Loan.LoanPrograms[NN].CreditDisability","LPNN89":"Loan.LoanPrograms[NN].CreditLifeInsurance","LPNN65":"Loan.LoanPrograms[NN].DemandFeature","LPNN88":"Loan.LoanPrograms[NN].Description","LPNN110":"Loan.LoanPrograms[NN].DisclosureType","LPNN123":"Loan.LoanPrograms[NN].Discounted","LPNN124":"Loan.LoanPrograms[NN].DiscountedRate","LPNN125":"Loan.LoanPrograms[NN].DrawRepayPeriodTableName","LPNN101":"Loan.LoanPrograms[NN].FhaUpfrontMiPremiumPercent","LPNN92":"Loan.LoanPrograms[NN].FloodInsurance","LPNN33":"Loan.LoanPrograms[NN].FloorPercent","LPNN104":"Loan.LoanPrograms[NN].FundingFeePaidInCash","LPNN43":"Loan.LoanPrograms[NN].GpmExtraPaymentForEarlyPayOff","LPNN41":"Loan.LoanPrograms[NN].GpmRate","LPNN42":"Loan.LoanPrograms[NN].GpmYears","LPNN93":"Loan.LoanPrograms[NN].IfYouPurchase","LPNN94":"Loan.LoanPrograms[NN].IfYouPurchaseType","LPNN32":"Loan.LoanPrograms[NN].IndexCurrentValuePercent","LPNN31":"Loan.LoanPrograms[NN].IndexMarginPercent","LPNN114":"Loan.LoanPrograms[NN].InitialAdvanceAmount","LPNN25":"Loan.LoanPrograms[NN].InterestOnlyMonths","LPNN72":"Loan.LoanPrograms[NN].LateChargeDays","LPNN73":"Loan.LoanPrograms[NN].LateChargePercent","LPNN74":"Loan.LoanPrograms[NN].LateChargeType","LPNN51":"Loan.LoanPrograms[NN].LenderInvestorCode","LPNN03":"Loan.LoanPrograms[NN].LienPriorityType","LPNN10":"Loan.LoanPrograms[NN].LoanAmortizationTermMonths","LPNN07":"Loan.LoanPrograms[NN].LoanAmortizationType","LPNN107":"Loan.LoanPrograms[NN].LoanDocumentationType","LPNN24":"Loan.LoanPrograms[NN].LoanFeaturesPaymentFrequencyType","LPNN44":"Loan.LoanPrograms[NN].LoanProgramName","LPNN102":"Loan.LoanPrograms[NN].LockField","LPNN50":"Loan.LoanPrograms[NN].MaxBackRatio","LPNN47":"Loan.LoanPrograms[NN].MaxCltv","LPNN49":"Loan.LoanPrograms[NN].MaxFrontRatio","LPNN40":"Loan.LoanPrograms[NN].MaximumBalance","LPNN45":"Loan.LoanPrograms[NN].MaxLoanAmount","LPNN46":"Loan.LoanPrograms[NN].MaxLtv","LPNN81":"Loan.LoanPrograms[NN].MeansAnEstimate","LPNN100":"Loan.LoanPrograms[NN].MiCalculationType","LPNN98":"Loan.LoanPrograms[NN].MidpointCancellation","LPNN48":"Loan.LoanPrograms[NN].MinCreditScore","LPNN119":"Loan.LoanPrograms[NN].MinimumAdvanceAmount","LPNN120":"Loan.LoanPrograms[NN].MinimumAllowableApr","LPNN122":"Loan.LoanPrograms[NN].MinimumPaymentAmount","LPNN121":"Loan.LoanPrograms[NN].MinimumPaymentPercent","LPNN103":"Loan.LoanPrograms[NN].MipPaidInCash","LPNN108":"Loan.LoanPrograms[NN].Mmi","LPNN57":"Loan.LoanPrograms[NN].MortgageInsuranceAdjustmentFactor1","LPNN60":"Loan.LoanPrograms[NN].MortgageInsuranceAdjustmentFactor2","LPNN63":"Loan.LoanPrograms[NN].MortgageInsuranceCancelPercent","LPNN59":"Loan.LoanPrograms[NN].MortgageInsuranceMonthlyPayment1","LPNN62":"Loan.LoanPrograms[NN].MortgageInsuranceMonthlyPayment2","LPNN58":"Loan.LoanPrograms[NN].MortgageInsuranceMonthsOfAdjustment1","LPNN61":"Loan.LoanPrograms[NN].MortgageInsuranceMonthsOfAdjustment2","LPNN01":"Loan.LoanPrograms[NN].MortgageType","LPNN87":"Loan.LoanPrograms[NN].OtherAmortizationTypeDescription","LPNN96":"Loan.LoanPrograms[NN].OtherLoanPurposeDescription","LPNN85":"Loan.LoanPrograms[NN].OtherMortgageTypeDescription","LPNN37":"Loan.LoanPrograms[NN].PaymentAdjustmentDurationMonths","LPNN36":"Loan.LoanPrograms[NN].PaymentAdjustmentPeriodicCapPercent","LPNN52":"Loan.LoanPrograms[NN].PaymentFactor","LPNN84":"Loan.LoanPrograms[NN].PercentageOfRental","LPNN111":"Loan.LoanPrograms[NN].PerDiemCalculationMethodType","LPNN109":"Loan.LoanPrograms[NN].Pmi","LPNN70":"Loan.LoanPrograms[NN].PrepaymentPenaltyIndicator","LPNN80":"Loan.LoanPrograms[NN].ProgramCode","LPNN91":"Loan.LoanPrograms[NN].PropertyInsurance","LPNN02":"Loan.LoanPrograms[NN].PropertyUsageType","LPNN09":"Loan.LoanPrograms[NN].QualifyingRatePercent","LPNN29":"Loan.LoanPrograms[NN].RateAdjustmentDurationMonths","LPNN30":"Loan.LoanPrograms[NN].RateAdjustmentLifetimeCapPercent","LPNN26":"Loan.LoanPrograms[NN].RateAdjustmentPercent","LPNN28":"Loan.LoanPrograms[NN].RateAdjustmentSubsequentCapPercent","LPNN27":"Loan.LoanPrograms[NN].RateAdjustmentSubsequentRateAdjustmentMonths","LPNN38":"Loan.LoanPrograms[NN].RecastPaidMonths","LPNN39":"Loan.LoanPrograms[NN].RecastStopMonths","LPNN71":"Loan.LoanPrograms[NN].RefundPaymentIndicator","LPNN08":"Loan.LoanPrograms[NN].RequestedInterestRatePercent","LPNN64":"Loan.LoanPrograms[NN].RequiredDeposit","LPNN34":"Loan.LoanPrograms[NN].RoundPercent","LPNN35":"Loan.LoanPrograms[NN].RoundType","LPNN68":"Loan.LoanPrograms[NN].SecurityInterestInNameOf","LPNN69":"Loan.LoanPrograms[NN].SecurityType","LPNN83":"Loan.LoanPrograms[NN].SubjectPropertyGrossRentalIncome","LPNN116":"Loan.LoanPrograms[NN].TeaserRate","LPNN126":"Loan.LoanPrograms[NN].TerminationFeeAmount","LPNN127":"Loan.LoanPrograms[NN].TerminationPeriodMonthsCount","LPNN117":"Loan.LoanPrograms[NN].ThirdPartyFeeFrom","LPNN118":"Loan.LoanPrograms[NN].ThirdPartyFeeTo","LPNN05":"Loan.LoanPrograms[NN].Type","LPNN105":"Loan.LoanPrograms[NN].UseDaysInYears","LPNN106":"Loan.LoanPrograms[NN].UsePitiForRatio","LPNN66":"Loan.LoanPrograms[NN].VariableRateFeature","LPNN95":"Loan.LoanPrograms[NN].YearlyTerm","UNFLNN04":"Loan.NonVols[NN].AdjustmentAmount","UNFLNN02":"Loan.NonVols[NN].AdjustmentDescription","UNFLNN03":"Loan.NonVols[NN].AdjustmentOtherDescription","UNFLNN01":"Loan.NonVols[NN].AdjustmentType","UNFLNN05":"Loan.NonVols[NN].IncludedIndicator","SPNN03":"Loan.ServiceProviderContacts[NN].Address","SPNN04":"Loan.ServiceProviderContacts[NN].City","SPNN14":"Loan.ServiceProviderContacts[NN].ContactName","SPNN11":"Loan.ServiceProviderContacts[NN].Cost","SPNN15":"Loan.ServiceProviderContacts[NN].Email","SPNN16":"Loan.ServiceProviderContacts[NN].Fax","SPNN18":"Loan.ServiceProviderContacts[NN].FeeAmt1","SPNN36":"Loan.ServiceProviderContacts[NN].FeeAmt10","SPNN20":"Loan.ServiceProviderContacts[NN].FeeAmt2","SPNN22":"Loan.ServiceProviderContacts[NN].FeeAmt3","SPNN24":"Loan.ServiceProviderContacts[NN].FeeAmt4","SPNN26":"Loan.ServiceProviderContacts[NN].FeeAmt5","SPNN28":"Loan.ServiceProviderContacts[NN].FeeAmt6","SPNN30":"Loan.ServiceProviderContacts[NN].FeeAmt7","SPNN32":"Loan.ServiceProviderContacts[NN].FeeAmt8","SPNN34":"Loan.ServiceProviderContacts[NN].FeeAmt9","SPNN17":"Loan.ServiceProviderContacts[NN].FeeDesc1","SPNN35":"Loan.ServiceProviderContacts[NN].FeeDesc10","SPNN19":"Loan.ServiceProviderContacts[NN].FeeDesc2","SPNN21":"Loan.ServiceProviderContacts[NN].FeeDesc3","SPNN23":"Loan.ServiceProviderContacts[NN].FeeDesc4","SPNN25":"Loan.ServiceProviderContacts[NN].FeeDesc5","SPNN27":"Loan.ServiceProviderContacts[NN].FeeDesc6","SPNN29":"Loan.ServiceProviderContacts[NN].FeeDesc7","SPNN31":"Loan.ServiceProviderContacts[NN].FeeDesc8","SPNN33":"Loan.ServiceProviderContacts[NN].FeeDesc9","SPNN09":"Loan.ServiceProviderContacts[NN].LineItemNumber","SPNN07":"Loan.ServiceProviderContacts[NN].Phone","SPNN06":"Loan.ServiceProviderContacts[NN].PostalCode","SPNN02":"Loan.ServiceProviderContacts[NN].ProviderName","SPNN08":"Loan.ServiceProviderContacts[NN].Relationship","SPNN01":"Loan.ServiceProviderContacts[NN].ServiceProvided","SPNN10":"Loan.ServiceProviderContacts[NN].ServiceType","SPNN13":"Loan.ServiceProviderContacts[NN].ShopFor","SPNN05":"Loan.ServiceProviderContacts[NN].State","SPNN12":"Loan.ServiceProviderContacts[NN].WebUrl","NYFEESNN02":"Loan.StateDisclosure.NewYorkFees[NN].Address","NYFEESNN08":"Loan.StateDisclosure.NewYorkFees[NN].Amount","NYFEESNN03":"Loan.StateDisclosure.NewYorkFees[NN].City","NYFEESNN06":"Loan.StateDisclosure.NewYorkFees[NN].Comments","NYFEESNN07":"Loan.StateDisclosure.NewYorkFees[NN].Date","NYFEESNN09":"Loan.StateDisclosure.NewYorkFees[NN].FeeType","NYFEESNN01":"Loan.StateDisclosure.NewYorkFees[NN].Name","NYFEESNN05":"Loan.StateDisclosure.NewYorkFees[NN].PostalCode","NYFEESNN04":"Loan.StateDisclosure.NewYorkFees[NN].State","TQLCOMPLIANCEALERTNN01":"Loan.TQL.TQLComplianceAlerts[NN].LastComplianceOrderAlertCategories","TQLCOMPLIANCEALERTNN03":"Loan.TQL.TQLComplianceAlerts[NN].LastComplianceOrderAlertMessage","TQLCOMPLIANCEALERTNN02":"Loan.TQL.TQLComplianceAlerts[NN].LastComplianceOrderDescriptionOfAlerts","TQLDOCDATENN01":"Loan.TQL.TQLDocuments[NN].TQLDocumentDeliveredDate","TQLFRAUDALERTNN06":"Loan.TQL.TQLFraudAlerts[NN].DriveFraudAlertCode","TQLFRAUDALERTNN05":"Loan.TQL.TQLFraudAlerts[NN].DriveFraudAlertStatus","TQLFRAUDALERTNN08":"Loan.TQL.TQLFraudAlerts[NN].FraudGuardFraudAlertCode","TQLFRAUDALERTNN07":"Loan.TQL.TQLFraudAlerts[NN].FraudGuardFraudAlertStatus","TQLFRAUDALERTNN01":"Loan.TQL.TQLFraudAlerts[NN].LastFraudOrderAlertCategories","TQLFRAUDALERTNN04":"Loan.TQL.TQLFraudAlerts[NN].LastFraudOrderAlertID","TQLFRAUDALERTNN03":"Loan.TQL.TQLFraudAlerts[NN].LastFraudOrderAlertLevel","TQLFRAUDALERTNN02":"Loan.TQL.TQLFraudAlerts[NN].LastFraudOrderDescriptionOfAlerts","TANNDT":"Loan.TrustAccount.TrustAccountItems[NN].Date","TANNDS":"Loan.TrustAccount.TrustAccountItems[NN].Description","TANNNO":"Loan.TrustAccount.TrustAccountItems[NN].Notes","TANNPA":"Loan.TrustAccount.TrustAccountItems[NN].PaymentAmount","TANNPC":"Loan.TrustAccount.TrustAccountItems[NN].PaymentCheckNo","TANNRA":"Loan.TrustAccount.TrustAccountItems[NN].ReceiptAmount","TANNRC":"Loan.TrustAccount.TrustAccountItems[NN].ReceiptCheckNo"}