[{"FieldId":"AUSTRACKING.AUS.X1.{0}","Format":101,"Description":"Last Snapshot - AUS Tracking - Underwriting Risk Assess Type"},{"FieldId":"AUSTRACKING.AUS.X10.{0}","Format":101,"Description":"Last Snapshot - AUS Tracking - Doc Class (Freddie)"},{"FieldId":"AUSTRACKING.AUS.X100.{0}","Format":101,"Description":"Last Snapshot - AUS Tracking - Fannie Mae - Borrower Income Name"},{"FieldId":"AUSTRACKING.AUS.X101.{0}","Format":101,"Description":"Last Snapshot - AUS Tracking - Fannie Mae - Borrower Income Type"},{"FieldId":"AUSTRACKING.AUS.X102.{0}","Format":203,"Description":"Last Snapshot - AUS Tracking - Fannie Mae - Borrower Income Amount"},{"FieldId":"AUSTRACKING.AUS.X103.{0}","Format":101,"Description":"Last Snapshot - AUS Tracking - Fannie Mae - CoBorrower Income Name"},{"FieldId":"AUSTRACKING.AUS.X104.{0}","Format":101,"Description":"Last Snapshot - AUS Tracking - Fannie Mae - CoBorrower Income Type"},{"FieldId":"AUSTRACKING.AUS.X105.{0}","Format":203,"Description":"Last Snapshot - AUS Tracking - Fannie Mae - CoBorrower Income Amount"},{"FieldId":"AUSTRACKING.AUS.X106.{0}","Format":101,"Description":"Last Snapshot - AUS Tracking - Fannie Mae - Borrower Asset Name"},{"FieldId":"AUSTRACKING.AUS.X107.{0}","Format":101,"Description":"Last Snapshot - AUS Tracking - Fannie Mae - Borrower Asset Type"},{"FieldId":"AUSTRACKING.AUS.X108.{0}","Format":101,"Description":"Last Snapshot - AUS Tracking - Fannie Mae - Borrower Institution Name"},{"FieldId":"AUSTRACKING.AUS.X109.{0}","Format":203,"Description":"Last Snapshot - AUS Tracking - Fannie Mae - Borrower Asset Amount"},{"FieldId":"AUSTRACKING.AUS.X11.{0}","Format":204,"Description":"Last Snapshot - AUS Tracking - LTV"},{"FieldId":"AUSTRACKING.AUS.X110.{0}","Format":101,"Description":"Last Snapshot - AUS Tracking - Fannie Mae - CoBorrower Asset Name"},{"FieldId":"AUSTRACKING.AUS.X111.{0}","Format":101,"Description":"Last Snapshot - AUS Tracking - Fannie Mae - CoBorrower Asset Type"},{"FieldId":"AUSTRACKING.AUS.X112.{0}","Format":101,"Description":"Last Snapshot - AUS Tracking - Fannie Mae - CoBorrower Institution Name"},{"FieldId":"AUSTRACKING.AUS.X113.{0}","Format":203,"Description":"Last Snapshot - AUS Tracking - Fannie Mae - CoBorrower Asset Amount"},{"FieldId":"AUSTRACKING.AUS.X114.{0}","Format":101,"Description":"Last Snapshot - AUS Tracking - Freddie Mac - AUS Transaction #"},{"FieldId":"AUSTRACKING.AUS.X115.{0}","Format":101,"Description":"Last Snapshot - AUS Tracking - Freddie Mac - Loan Prospector ID"},{"FieldId":"AUSTRACKING.AUS.X116.{0}","Format":101,"Description":"Last Snapshot - AUS Tracking - Freddie Mac - Transaction ID"},{"FieldId":"AUSTRACKING.AUS.X117.{0}","Format":101,"Description":"Last Snapshot - AUS Tracking - Freddie Mac - Risk Class"},{"FieldId":"AUSTRACKING.AUS.X118.{0}","Format":101,"Description":"Last Snapshot - AUS Tracking - Freddie Mac - Documentation Level"},{"FieldId":"AUSTRACKING.AUS.X119.{0}","Format":101,"Description":"Last Snapshot - AUS Tracking - Freddie Mac - Mortgage Type"},{"FieldId":"AUSTRACKING.AUS.X12.{0}","Format":204,"Description":"Last Snapshot - AUS Tracking - CLTV"},{"FieldId":"AUSTRACKING.AUS.X120.{0}","Format":101,"Description":"Last Snapshot - AUS Tracking - Freddie Mac - Purchase Eligibility"},{"FieldId":"AUSTRACKING.AUS.X121.{0}","Format":101,"Description":"Last Snapshot - AUS Tracking - Freddie Mac - AUS Status"},{"FieldId":"AUSTRACKING.AUS.X122.{0}","Format":101,"Description":"Last Snapshot - AUS Tracking - Freddie Mac - Loan Processing Stage"},{"FieldId":"AUSTRACKING.AUS.X123.{0}","Format":101,"Description":"Last Snapshot - AUS Tracking - Freddie Mac - Assessment Type"},{"FieldId":"AUSTRACKING.AUS.X124.{0}","Format":101,"Description":"Last Snapshot - AUS Tracking - Freddie Mac - LP Version"},{"FieldId":"AUSTRACKING.AUS.X125.{0}","Format":101,"Description":"Last Snapshot - AUS Tracking - Freddie Mac - Appraisal Type/MAF"},{"FieldId":"AUSTRACKING.AUS.X126.{0}","Format":101,"Description":"Last Snapshot - AUS Tracking - Freddie Mac - MI Decision"},{"FieldId":"AUSTRACKING.AUS.X127.{0}","Format":101,"Description":"Last Snapshot - AUS Tracking - Freddie Mac - Accept Plus Eligible"},{"FieldId":"AUSTRACKING.AUS.X128.{0}","Format":101,"Description":"Last Snapshot - AUS Tracking - Freddie Mac - Indicator Score"},{"FieldId":"AUSTRACKING.AUS.X129.{0}","Format":101,"Description":"Last Snapshot - AUS Tracking - Freddie Mac - Selected Repository"},{"FieldId":"AUSTRACKING.AUS.X13.{0}","Format":204,"Description":"Last Snapshot - AUS Tracking - HLCTV"},{"FieldId":"AUSTRACKING.AUS.X130.{0}","Format":101,"Description":"Last Snapshot - AUS Tracking - Freddie Mac - Selected Borrower"},{"FieldId":"AUSTRACKING.AUS.X131.{0}","Format":301,"Description":"Last Snapshot - AUS Tracking - Freddie Mac - LP Assmt. Exp. Date"},{"FieldId":"AUSTRACKING.AUS.X132.{0}","Format":101,"Description":"Last Snapshot - AUS Tracking - Freddie Mac - Borrower Experian/FICO"},{"FieldId":"AUSTRACKING.AUS.X133.{0}","Format":101,"Description":"Last Snapshot - AUS Tracking - Freddie Mac - Borrower Trans Union/Empirica"},{"FieldId":"AUSTRACKING.AUS.X134.{0}","Format":101,"Description":"Last Snapshot - AUS Tracking - Freddie Mac - Borrower Equifax/BEACON"},{"FieldId":"AUSTRACKING.AUS.X135.{0}","Format":101,"Description":"Last Snapshot - AUS Tracking - Freddie Mac - CoBorrower Experian FICO"},{"FieldId":"AUSTRACKING.AUS.X136.{0}","Format":101,"Description":"Last Snapshot - AUS Tracking - Freddie Mac - CoBorrower Trans Union/Empirica"},{"FieldId":"AUSTRACKING.AUS.X137.{0}","Format":101,"Description":"Last Snapshot - AUS Tracking - Freddie Mac - CoBorrower Equifax BEACON"},{"FieldId":"AUSTRACKING.AUS.X138.{0}","Format":101,"Description":"Last Snapshot - AUS Tracking - Freddie Mac - Present Address"},{"FieldId":"AUSTRACKING.AUS.X139.{0}","Format":101,"Description":"Last Snapshot - AUS Tracking - Freddie Mac - Present Address City"},{"FieldId":"AUSTRACKING.AUS.X14.{0}","Format":204,"Description":"Last Snapshot - AUS Tracking - Housing Expense Ratio"},{"FieldId":"AUSTRACKING.AUS.X140.{0}","Format":105,"Description":"Last Snapshot - AUS Tracking - Freddie Mac - Present Address State"},{"FieldId":"AUSTRACKING.AUS.X141.{0}","Format":104,"Description":"Last Snapshot - AUS Tracking - Freddie Mac - Present Address Zipcode"},{"FieldId":"AUSTRACKING.AUS.X142.{0}","Format":101,"Description":"Last Snapshot - AUS Tracking - Freddie Mac - Loan Application #"},{"FieldId":"AUSTRACKING.AUS.X143.{0}","Format":201,"Description":"Last Snapshot - AUS Tracking - Freddie Mac - Balloon Term"},{"FieldId":"AUSTRACKING.AUS.X144.{0}","Format":201,"Description":"Last Snapshot - AUS Tracking - Freddie Mac - Amortization Months"},{"FieldId":"AUSTRACKING.AUS.X145.{0}","Format":204,"Description":"Last Snapshot - AUS Tracking - Freddie Mac - ARM Qualifying Rate"},{"FieldId":"AUSTRACKING.AUS.X146.{0}","Format":204,"Description":"Last Snapshot - AUS Tracking - Freddie Mac - TLTV"},{"FieldId":"AUSTRACKING.AUS.X147.{0}","Format":204,"Description":"Last Snapshot - AUS Tracking - Freddie Mac - HTLTV"},{"FieldId":"AUSTRACKING.AUS.X148.{0}","Format":204,"Description":"Last Snapshot - AUS Tracking - Freddie Mac - Housing Ratio"},{"FieldId":"AUSTRACKING.AUS.X149.{0}","Format":204,"Description":"Last Snapshot - AUS Tracking - Freddie Mac - Debt Ratio"},{"FieldId":"AUSTRACKING.AUS.X15.{0}","Format":204,"Description":"Last Snapshot - AUS Tracking - Total Expense Ratio"},{"FieldId":"AUSTRACKING.AUS.X150.{0}","Format":204,"Description":"Last Snapshot - AUS Tracking - Freddie Mac - Occupant Housing Ratio"},{"FieldId":"AUSTRACKING.AUS.X151.{0}","Format":204,"Description":"Last Snapshot - AUS Tracking - Freddie Mac - Occupant Debt Ratio"},{"FieldId":"AUSTRACKING.AUS.X152.{0}","Format":101,"Description":"Last Snapshot - AUS Tracking - Freddie Mac - Neg. Amortization Type"},{"FieldId":"AUSTRACKING.AUS.X153.{0}","Format":101,"Description":"Last Snapshot - AUS Tracking - Freddie Mac - Temporary Subsidy Buydown"},{"FieldId":"AUSTRACKING.AUS.X154.{0}","Format":101,"Description":"Last Snapshot - AUS Tracking - Freddie Mac - New Construction"},{"FieldId":"AUSTRACKING.AUS.X155.{0}","Format":101,"Description":"Last Snapshot - AUS Tracking - Freddie Mac - Affordable Product Type"},{"FieldId":"AUSTRACKING.AUS.X156.{0}","Format":101,"Description":"Last Snapshot - AUS Tracking - Freddie Mac - Offering Identifier"},{"FieldId":"AUSTRACKING.AUS.X157.{0}","Format":101,"Description":"Last Snapshot - AUS Tracking - Freddie Mac - Intended Use of Property"},{"FieldId":"AUSTRACKING.AUS.X158.{0}","Format":203,"Description":"Last Snapshot - AUS Tracking - Freddie Mac - Cash Out Amount"},{"FieldId":"AUSTRACKING.AUS.X159.{0}","Format":203,"Description":"Last Snapshot - AUS Tracking - Freddie Mac - Reserves"},{"FieldId":"AUSTRACKING.AUS.X16.{0}","Format":203,"Description":"Last Snapshot - AUS Tracking - Total Loan Amount"},{"FieldId":"AUSTRACKING.AUS.X160.{0}","Format":203,"Description":"Last Snapshot - AUS Tracking - Freddie Mac - Proposed Housing (PITI)"},{"FieldId":"AUSTRACKING.AUS.X161.{0}","Format":203,"Description":"Last Snapshot - AUS Tracking - Freddie Mac - Present Housing Expense"},{"FieldId":"AUSTRACKING.AUS.X162.{0}","Format":203,"Description":"Last Snapshot - AUS Tracking - Freddie Mac - Max Mortgage Limit"},{"FieldId":"AUSTRACKING.AUS.X163.{0}","Format":101,"Description":"Last Snapshot - AUS Tracking - Freddie Mac - Sales Concessions"},{"FieldId":"AUSTRACKING.AUS.X164.{0}","Format":101,"Description":"Last Snapshot - AUS Tracking - Freddie Mac - Originating Company"},{"FieldId":"AUSTRACKING.AUS.X165.{0}","Format":101,"Description":"Last Snapshot - AUS Tracking - Freddie Mac - Submitting Company"},{"FieldId":"AUSTRACKING.AUS.X166.{0}","Format":101,"Description":"Last Snapshot - AUS Tracking - Freddie Mac - Seller Number"},{"FieldId":"AUSTRACKING.AUS.X167.{0}","Format":101,"Description":"Last Snapshot - AUS Tracking - Freddie Mac - TPO Number"},{"FieldId":"AUSTRACKING.AUS.X168.{0}","Format":101,"Description":"Last Snapshot - AUS Tracking - Freddie Mac - Date Time Requested"},{"FieldId":"AUSTRACKING.AUS.X169.{0}","Format":101,"Description":"Last Snapshot - AUS Tracking - Freddie Mac - Date Time Assessed"},{"FieldId":"AUSTRACKING.AUS.X17.{0}","Format":203,"Description":"Last Snapshot - AUS Tracking - Sales Price"},{"FieldId":"AUSTRACKING.AUS.X170.{0}","Format":101,"Description":"Last Snapshot - AUS Tracking - Freddie Mac - # of Submissions"},{"FieldId":"AUSTRACKING.AUS.X171.{0}","Format":101,"Description":"Last Snapshot - AUS Tracking - Freddie Mac - NOTP Number"},{"FieldId":"AUSTRACKING.AUS.X172.{0}","Format":101,"Description":"Last Snapshot - AUS Tracking - Freddie Mac - Property Type"},{"FieldId":"AUSTRACKING.AUS.X173.{0}","Format":101,"Description":"Last Snapshot - AUS Tracking - Submission Time"},{"FieldId":"AUSTRACKING.AUS.X174.{0}","Format":101,"Description":"Last Snapshot - AUS Tracking - First Submission Time"},{"FieldId":"AUSTRACKING.AUS.X175.{0}","Format":101,"Description":"Last Snapshot - AUS Tracking - Freddie Mac LQA - Data Compare Result"},{"FieldId":"AUSTRACKING.AUS.X176.{0}","Format":101,"Description":"Last Snapshot - AUS Tracking - Freddie Mac LQA - LP Key"},{"FieldId":"AUSTRACKING.AUS.X177.{0}","Format":304,"Description":"Last Snapshot - AUS Tracking - Freddie Mac LQA - Submission DateTime"},{"FieldId":"AUSTRACKING.AUS.X178.{0}","Format":101,"Description":"Last Snapshot - AUS Tracking - Freddie Mac LQA - Data Compare Field Name"},{"FieldId":"AUSTRACKING.AUS.X179.{0}","Format":101,"Description":"Last Snapshot - AUS Tracking - Freddie Mac LQA - Data Compare Field Conclusion"},{"FieldId":"AUSTRACKING.AUS.X18.{0}","Format":201,"Description":"Last Snapshot - AUS Tracking - Appraised Value"},{"FieldId":"AUSTRACKING.AUS.X180.{0}","Format":101,"Description":"Last Snapshot - AUS Tracking - Freddie Mac LQA - Risk Assessment Key"},{"FieldId":"AUSTRACKING.AUS.X181.{0}","Format":101,"Description":"Last Snapshot - AUS Tracking - Freddie Mac LQA - Credit Risk Assessment Conclusion"},{"FieldId":"AUSTRACKING.AUS.X182.{0}","Format":101,"Description":"Last Snapshot - AUS Tracking - Freddie Mac LQA - Purchase Eligibility Result"},{"FieldId":"AUSTRACKING.AUS.X183.{0}","Format":101,"Description":"Last Snapshot - AUS Tracking - Freddie Mac LQA - Collateral Rep and Warranty Service Conclusion"},{"FieldId":"AUSTRACKING.AUS.X184.{0}","Format":101,"Description":"Last Snapshot - AUS Tracking - Freddie Mac LCLA - Evaluated Service Type 1"},{"FieldId":"AUSTRACKING.AUS.X185.{0}","Format":101,"Description":"Last Snapshot - AUS Tracking - Freddie Mac LCLA - Evaluated Service Conclusion 1"},{"FieldId":"AUSTRACKING.AUS.X186.{0}","Format":101,"Description":"Last Snapshot - AUS Tracking - Freddie Mac LCLA - Evaluated Service Type 2"},{"FieldId":"AUSTRACKING.AUS.X187.{0}","Format":101,"Description":"Last Snapshot - AUS Tracking - Freddie Mac LCLA - Evaluated Service Conclusion 2"},{"FieldId":"AUSTRACKING.AUS.X188.{0}","Format":101,"Description":"Last Snapshot - AUS Tracking - Freddie Mac LCLA - Evaluated Service Type 3"},{"FieldId":"AUSTRACKING.AUS.X189.{0}","Format":101,"Description":"Last Snapshot - AUS Tracking - Freddie Mac LCLA - Evaluated Service Conclusion 3"},{"FieldId":"AUSTRACKING.AUS.X19.{0}","Format":204,"Description":"Last Snapshot - AUS Tracking - Note Rate"},{"FieldId":"AUSTRACKING.AUS.X190.{0}","Format":101,"Description":"Last Snapshot - AUS Tracking - Freddie Mac LCLA - Evaluated Service Type 4"},{"FieldId":"AUSTRACKING.AUS.X191.{0}","Format":101,"Description":"Last Snapshot - AUS Tracking - Freddie Mac LCLA - LCLAEvaluated Service Conclusion 4"},{"FieldId":"AUSTRACKING.AUS.X2.{0}","Format":101,"Description":"Last Snapshot - AUS Tracking - Underwriting Risk Assess Other Type"},{"FieldId":"AUSTRACKING.AUS.X20.{0}","Format":101,"Description":"Last Snapshot - AUS Tracking - Loan Type"},{"FieldId":"AUSTRACKING.AUS.X21.{0}","Format":201,"Description":"Last Snapshot - AUS Tracking - Loan Term"},{"FieldId":"AUSTRACKING.AUS.X22.{0}","Format":101,"Description":"Last Snapshot - AUS Tracking - Amortization Type"},{"FieldId":"AUSTRACKING.AUS.X23.{0}","Format":101,"Description":"Last Snapshot - AUS Tracking - Loan Purpose"},{"FieldId":"AUSTRACKING.AUS.X24.{0}","Format":101,"Description":"Last Snapshot - AUS Tracking - Refinance Purpose"},{"FieldId":"AUSTRACKING.AUS.X25.{0}","Format":203,"Description":"Last Snapshot - AUS Tracking - Proposed Monthly Payment / Debt - First P&I"},{"FieldId":"AUSTRACKING.AUS.X26.{0}","Format":203,"Description":"Last Snapshot - AUS Tracking - Proposed Monthly Payment / Debt - Second P&I"},{"FieldId":"AUSTRACKING.AUS.X27.{0}","Format":203,"Description":"Last Snapshot - AUS Tracking - Proposed Monthly Payment / Debt - Hazard Insurance"},{"FieldId":"AUSTRACKING.AUS.X28.{0}","Format":203,"Description":"Last Snapshot - AUS Tracking - Proposed Monthly Payment / Debt - Taxes"},{"FieldId":"AUSTRACKING.AUS.X29.{0}","Format":203,"Description":"Last Snapshot - AUS Tracking - Proposed Monthly Payment / Debt - Mortgage Insurance"},{"FieldId":"AUSTRACKING.AUS.X3.{0}","Format":301,"Description":"Last Snapshot - AUS Tracking - Submission Date"},{"FieldId":"AUSTRACKING.AUS.X30.{0}","Format":203,"Description":"Last Snapshot - AUS Tracking - Proposed Monthly Payment / Debt - HOA Fees"},{"FieldId":"AUSTRACKING.AUS.X31.{0}","Format":203,"Description":"Last Snapshot - AUS Tracking - Proposed Monthly Payment / Debt - Other"},{"FieldId":"AUSTRACKING.AUS.X32.{0}","Format":203,"Description":"Last Snapshot - AUS Tracking - Proposed Monthly Payment / Debt - Total Housing Payment"},{"FieldId":"AUSTRACKING.AUS.X33.{0}","Format":203,"Description":"Last Snapshot - AUS Tracking - Proposed Monthly Payment / Debt - Total Monthly Debt"},{"FieldId":"AUSTRACKING.AUS.X34.{0}","Format":203,"Description":"Last Snapshot - AUS Tracking - Income / Assets - Base"},{"FieldId":"AUSTRACKING.AUS.X35.{0}","Format":203,"Description":"Last Snapshot - AUS Tracking - Income / Assets - Commission"},{"FieldId":"AUSTRACKING.AUS.X36.{0}","Format":203,"Description":"Last Snapshot - AUS Tracking - Income / Assets - Bonus"},{"FieldId":"AUSTRACKING.AUS.X37.{0}","Format":203,"Description":"Last Snapshot - AUS Tracking - Income / Assets - Overtime"},{"FieldId":"AUSTRACKING.AUS.X38.{0}","Format":203,"Description":"Last Snapshot - AUS Tracking - Income / Assets - Other"},{"FieldId":"AUSTRACKING.AUS.X39.{0}","Format":203,"Description":"Last Snapshot - AUS Tracking - Income / Assets - Positive Net Rental"},{"FieldId":"AUSTRACKING.AUS.X4.{0}","Format":301,"Description":"Last Snapshot - AUS Tracking - First Submission Date"},{"FieldId":"AUSTRACKING.AUS.X40.{0}","Format":203,"Description":"Last Snapshot - AUS Tracking - Income / Assets - Subj. Pos. Cash Flow"},{"FieldId":"AUSTRACKING.AUS.X41.{0}","Format":203,"Description":"Last Snapshot - AUS Tracking - Income / Assets - Total Monthly Income"},{"FieldId":"AUSTRACKING.AUS.X42.{0}","Format":203,"Description":"Last Snapshot - AUS Tracking - Income / Assets - Total Assets"},{"FieldId":"AUSTRACKING.AUS.X43.{0}","Format":101,"Description":"Last Snapshot - AUS Tracking - Fannie Mae - Borrower Name"},{"FieldId":"AUSTRACKING.AUS.X44.{0}","Format":101,"Description":"Last Snapshot - AUS Tracking - Fannie Mae - Lender Loan #"},{"FieldId":"AUSTRACKING.AUS.X45.{0}","Format":101,"Description":"Last Snapshot - AUS Tracking - Fannie Mae - Coborrower Name"},{"FieldId":"AUSTRACKING.AUS.X46.{0}","Format":101,"Description":"Last Snapshot - AUS Tracking - Fannie Mae - Property Address"},{"FieldId":"AUSTRACKING.AUS.X47.{0}","Format":101,"Description":"Last Snapshot - AUS Tracking - Fannie Mae - Property City"},{"FieldId":"AUSTRACKING.AUS.X48.{0}","Format":105,"Description":"Last Snapshot - AUS Tracking - Fannie Mae - Property State"},{"FieldId":"AUSTRACKING.AUS.X49.{0}","Format":104,"Description":"Last Snapshot - AUS Tracking - Fannie Mae - Property Zipcode"},{"FieldId":"AUSTRACKING.AUS.X5.{0}","Format":101,"Description":"Last Snapshot - AUS Tracking - Submission Number"},{"FieldId":"AUSTRACKING.AUS.X50.{0}","Format":101,"Description":"Last Snapshot - AUS Tracking - Fannie Mae - Property Type"},{"FieldId":"AUSTRACKING.AUS.X51.{0}","Format":201,"Description":"Last Snapshot - AUS Tracking - Fannie Mae - No Units"},{"FieldId":"AUSTRACKING.AUS.X52.{0}","Format":101,"Description":"Last Snapshot - AUS Tracking - Fannie Mae - Occupancy Status"},{"FieldId":"AUSTRACKING.AUS.X53.{0}","Format":101,"Description":"Last Snapshot - AUS Tracking - Fannie Mae - Balloon"},{"FieldId":"AUSTRACKING.AUS.X54.{0}","Format":101,"Description":"Last Snapshot - AUS Tracking - Fannie Mae - Community Lending"},{"FieldId":"AUSTRACKING.AUS.X55.{0}","Format":201,"Description":"Last Snapshot - AUS Tracking - Fannie Mae - Payment Frequency"},{"FieldId":"AUSTRACKING.AUS.X56.{0}","Format":101,"Description":"Last Snapshot - AUS Tracking - Fannie Mae - Lien Type"},{"FieldId":"AUSTRACKING.AUS.X57.{0}","Format":203,"Description":"Last Snapshot - AUS Tracking - Fannie Mae - Amt. Subordinate Fin."},{"FieldId":"AUSTRACKING.AUS.X58.{0}","Format":203,"Description":"Last Snapshot - AUS Tracking - Fannie Mae - Owner Existing Mtg."},{"FieldId":"AUSTRACKING.AUS.X59.{0}","Format":101,"Description":"Last Snapshot - AUS Tracking - Fannie Mae - Buydown"},{"FieldId":"AUSTRACKING.AUS.X6.{0}","Format":101,"Description":"Last Snapshot - AUS Tracking - AUS Recommendation"},{"FieldId":"AUSTRACKING.AUS.X60.{0}","Format":203,"Description":"Last Snapshot - AUS Tracking - Fannie Mae - Loan Amount"},{"FieldId":"AUSTRACKING.AUS.X61.{0}","Format":203,"Description":"Last Snapshot - AUS Tracking - Fannie Mae - Financed MI Amount"},{"FieldId":"AUSTRACKING.AUS.X62.{0}","Format":203,"Description":"Last Snapshot - AUS Tracking - Fannie Mae - P & I"},{"FieldId":"AUSTRACKING.AUS.X63.{0}","Format":204,"Description":"Last Snapshot - AUS Tracking - Fannie Mae - Qualifying Rate"},{"FieldId":"AUSTRACKING.AUS.X64.{0}","Format":204,"Description":"Last Snapshot - AUS Tracking - Fannie Mae - Bought Down Rate"},{"FieldId":"AUSTRACKING.AUS.X65.{0}","Format":203,"Description":"Last Snapshot - AUS Tracking - Fannie Mae - Housing Expense"},{"FieldId":"AUSTRACKING.AUS.X66.{0}","Format":203,"Description":"Last Snapshot - AUS Tracking - Fannie Mae - Total Expense"},{"FieldId":"AUSTRACKING.AUS.X67.{0}","Format":101,"Description":"Last Snapshot - AUS Tracking - Fannie Mae - Including Less Than 10 Mos."},{"FieldId":"AUSTRACKING.AUS.X68.{0}","Format":101,"Description":"Last Snapshot - AUS Tracking - Fannie Mae - With Undisclosed Debt"},{"FieldId":"AUSTRACKING.AUS.X69.{0}","Format":203,"Description":"Last Snapshot - AUS Tracking - Fannie Mae - Negative Net Rental"},{"FieldId":"AUSTRACKING.AUS.X7.{0}","Format":101,"Description":"Last Snapshot - AUS Tracking - DU Case ID/ LP AUS Key #"},{"FieldId":"AUSTRACKING.AUS.X70.{0}","Format":203,"Description":"Last Snapshot - AUS Tracking - Fannie Mae - Subj. Neg. Cash Flow"},{"FieldId":"AUSTRACKING.AUS.X71.{0}","Format":203,"Description":"Last Snapshot - AUS Tracking - Fannie Mae - All Other Payments"},{"FieldId":"AUSTRACKING.AUS.X72.{0}","Format":203,"Description":"Last Snapshot - AUS Tracking - Fannie Mae - Total Expense Pmt"},{"FieldId":"AUSTRACKING.AUS.X73.{0}","Format":203,"Description":"Last Snapshot - AUS Tracking - Fannie Mae - Present/Principal Housing Payment"},{"FieldId":"AUSTRACKING.AUS.X74.{0}","Format":203,"Description":"Last Snapshot - AUS Tracking - Fannie Mae - Funds Required to Close"},{"FieldId":"AUSTRACKING.AUS.X75.{0}","Format":203,"Description":"Last Snapshot - AUS Tracking - Fannie Mae - Reserves Req'ed to be Verified"},{"FieldId":"AUSTRACKING.AUS.X76.{0}","Format":203,"Description":"Last Snapshot - AUS Tracking - Fannie Mae - Total Funds to be Verified"},{"FieldId":"AUSTRACKING.AUS.X77.{0}","Format":203,"Description":"Last Snapshot - AUS Tracking - Fannie Mae - Cash Back"},{"FieldId":"AUSTRACKING.AUS.X78.{0}","Format":203,"Description":"Last Snapshot - AUS Tracking - Fannie Mae - Net Cash Back"},{"FieldId":"AUSTRACKING.AUS.X79.{0}","Format":203,"Description":"Last Snapshot - AUS Tracking - Fannie Mae - Excess Available Assets, not required to be Verified"},{"FieldId":"AUSTRACKING.AUS.X8.{0}","Format":101,"Description":"Last Snapshot - AUS Tracking - Submitted By"},{"FieldId":"AUSTRACKING.AUS.X80.{0}","Format":101,"Description":"Last Snapshot - AUS Tracking - Fannie Mae - Code 1"},{"FieldId":"AUSTRACKING.AUS.X81.{0}","Format":101,"Description":"Last Snapshot - AUS Tracking - Fannie Mae - Code Description 1"},{"FieldId":"AUSTRACKING.AUS.X82.{0}","Format":101,"Description":"Last Snapshot - AUS Tracking - Fannie Mae - Code 2"},{"FieldId":"AUSTRACKING.AUS.X83.{0}","Format":101,"Description":"Last Snapshot - AUS Tracking - Fannie Mae - Code Description 2"},{"FieldId":"AUSTRACKING.AUS.X84.{0}","Format":101,"Description":"Last Snapshot - AUS Tracking - Fannie Mae - Borrower Type"},{"FieldId":"AUSTRACKING.AUS.X85.{0}","Format":101,"Description":"Last Snapshot - AUS Tracking - Fannie Mae - Credit Agency 1"},{"FieldId":"AUSTRACKING.AUS.X86.{0}","Format":101,"Description":"Last Snapshot - AUS Tracking - Fannie Mae - Credit Report ID 1"},{"FieldId":"AUSTRACKING.AUS.X87.{0}","Format":301,"Description":"Last Snapshot - AUS Tracking - Fannie Mae - Credit Report Date 1"},{"FieldId":"AUSTRACKING.AUS.X88.{0}","Format":101,"Description":"Last Snapshot - AUS Tracking - Fannie Mae - Borrower Type 2"},{"FieldId":"AUSTRACKING.AUS.X89.{0}","Format":101,"Description":"Last Snapshot - AUS Tracking - Fannie Mae - Credit Agency 2"},{"FieldId":"AUSTRACKING.AUS.X9.{0}","Format":101,"Description":"Last Snapshot - AUS Tracking - AUS Version #"},{"FieldId":"AUSTRACKING.AUS.X90.{0}","Format":101,"Description":"Last Snapshot - AUS Tracking - Fannie Mae - Credit Report ID 2"},{"FieldId":"AUSTRACKING.AUS.X91.{0}","Format":301,"Description":"Last Snapshot - AUS Tracking - Fannie Mae - Credit Report Date 2"},{"FieldId":"AUSTRACKING.AUS.X92.{0}","Format":101,"Description":"Last Snapshot - AUS Tracking - Fannie Mae - Borrower Score Name"},{"FieldId":"AUSTRACKING.AUS.X93.{0}","Format":101,"Description":"Last Snapshot - AUS Tracking - Fannie Mae - Borrower Credit Score 1"},{"FieldId":"AUSTRACKING.AUS.X94.{0}","Format":101,"Description":"Last Snapshot - AUS Tracking - Fannie Mae - Borrower Credit Score 2"},{"FieldId":"AUSTRACKING.AUS.X95.{0}","Format":101,"Description":"Last Snapshot - AUS Tracking - Fannie Mae - Borrower Credit Score 3"},{"FieldId":"AUSTRACKING.AUS.X96.{0}","Format":101,"Description":"Last Snapshot - AUS Tracking - Fannie Mae - CoBorrower Score Name 2"},{"FieldId":"AUSTRACKING.AUS.X97.{0}","Format":101,"Description":"Last Snapshot - AUS Tracking - Fannie Mae - CoBorrower Credit Score 1"},{"FieldId":"AUSTRACKING.AUS.X98.{0}","Format":101,"Description":"Last Snapshot - AUS Tracking - Fannie Mae - CoBorrower Credit Score 2"},{"FieldId":"AUSTRACKING.AUS.X99.{0}","Format":101,"Description":"Last Snapshot - AUS Tracking - Fannie Mae - CoBorrower Credit Score 3"},{"FieldId":"AUSTRACKING.AUS.X999.{0}","Format":101,"Description":"Last Snapshot - AUS Tracking - AUS Tracking Type"},{"FieldId":"Condition.AddedBy.{0}","Format":101,"Description":"Condition Added By"},{"FieldId":"Condition.AllowToClear.{0}","Format":102,"Description":"Condition Allow to Clear"},{"FieldId":"Condition.Category.{0}","Format":101,"Description":"Condition Category"},{"FieldId":"Condition.ClearedBy.{0}","Format":101,"Description":"Condition Cleared By"},{"FieldId":"Condition.Comments.{0}","Format":101,"Description":"Condition Comments"},{"FieldId":"Condition.DateAdded.{0}","Format":301,"Description":"Condition Date Added"},{"FieldId":"Condition.DateCleared.{0}","Format":301,"Description":"Condition Date Cleared"},{"FieldId":"Condition.DateReceived.{0}","Format":301,"Description":"Condition Date Received"},{"FieldId":"Condition.DateReviewed.{0}","Format":301,"Description":"Condition Date Reviewed"},{"FieldId":"Condition.DateWaived.{0}","Format":301,"Description":"Condition Date Waived"},{"FieldId":"Condition.Description.{0}","Format":101,"Description":"Condition Description"},{"FieldId":"Condition.IsCleared.{0}","Format":102,"Description":"Condition Is Cleared"},{"FieldId":"Condition.IsInternal.{0}","Format":102,"Description":"Condition Is Internal"},{"FieldId":"Condition.IsReceived.{0}","Format":102,"Description":"Condition Is Received"},{"FieldId":"Condition.IsReviewed.{0}","Format":102,"Description":"Condition Is Reviewed"},{"FieldId":"Condition.IsWaived.{0}","Format":102,"Description":"Condition Is Waived"},{"FieldId":"Condition.PriorTo.{0}","Format":101,"Description":"Condition Prior To"},{"FieldId":"Condition.ReceivedBy.{0}","Format":101,"Description":"Condition Received By"},{"FieldId":"Condition.ReviewedBy.{0}","Format":101,"Description":"Condition Reviewed By"},{"FieldId":"Condition.Status.{0}","Format":101,"Description":"Condition Status"},{"FieldId":"Condition.Title.{0}","Format":101,"Description":"Condition Title"},{"FieldId":"Condition.WaivedBy.{0}","Format":101,"Description":"Condition Waived By"},{"FieldId":"DISCLOSEDCD.BorrowerActualReceivedDate.{0}","Format":301,"Description":"CD Borrower Actual Received Date"},{"FieldId":"DISCLOSEDCD.BorrowerPresumedReceivedDate.{0}","Format":301,"Description":"CD Borrower Presumed Received Date"},{"FieldId":"DISCLOSEDCD.BorrowerReceivedMethod.{0}","Format":101,"Description":"CD Borrower Received Method"},{"FieldId":"DISCLOSEDCD.BorrowerReceivedOtherMethod.{0}","Format":101,"Description":"CD Borrower Received Other Method"},{"FieldId":"DISCLOSEDCD.BorrowerType.{0}","Format":101,"Description":"CD Borrower Type"},{"FieldId":"DISCLOSEDCD.ChangedCircumstanceDetails.{0}","Format":101,"Description":"CD Changed Circumstance Details"},{"FieldId":"DISCLOSEDCD.CoBorrowerActualReceivedDate.{0}","Format":301,"Description":"CD CoBorrower Actual Received Date"},{"FieldId":"DISCLOSEDCD.CoBorrowerPresumedReceivedDate.{0}","Format":301,"Description":"CD CoBorrower Presumed Received Date"},{"FieldId":"DISCLOSEDCD.CoBorrowerReceivedMethod.{0}","Format":101,"Description":"CD CoBorrower Received Method"},{"FieldId":"DISCLOSEDCD.CoBorrowerReceivedOtherMethod.{0}","Format":101,"Description":"CD CoBorrower Received Other Method"},{"FieldId":"DISCLOSEDCD.CoBorrowerType.{0}","Format":101,"Description":"CD CoBorrower Type"},{"FieldId":"DISCLOSEDCD.DisclosureType.{0}","Format":101,"Description":"CD Disclosure Type"},{"FieldId":"DISCLOSEDCD.LoanSnapshot_ApplicationDate.{0}","Format":301,"Description":"CD Loan Snapshot - Application Date"},{"FieldId":"DISCLOSEDCD.LoanSnapshot_DisclosedAPR.{0}","Format":101,"Description":"CD Loan Snapshot - Disclosed APR"},{"FieldId":"DISCLOSEDCD.LoanSnapshot_DisclosedRate.{0}","Format":101,"Description":"CD Loan Snapshot - Disclosed Rate"},{"FieldId":"DISCLOSEDCD.LoanSnapshot_FinanceCharge.{0}","Format":101,"Description":"CD Loan Snapshot - Finance Charge"},{"FieldId":"DISCLOSEDCD.LoanSnapshot_LoanAmount.{0}","Format":101,"Description":"CD Loan Snapshot - Loan Amount"},{"FieldId":"DISCLOSEDCD.LoanSnapshot_LoanProgram.{0}","Format":101,"Description":"CD Loan Snapshot - Loan Program"},{"FieldId":"DISCLOSEDCD.OtherMethod.{0}","Format":101,"Description":"CD Other Method"},{"FieldId":"DISCLOSEDCD.OtherReason.{0}","Format":101,"Description":"CD Other Reason"},{"FieldId":"DISCLOSEDCD.Reason_InterestRatedependentcharges.{0}","Format":101,"Description":"CD Reason - Interest Rate dependent charges?"},{"FieldId":"DISCLOSEDCD.Reason_Other.{0}","Format":101,"Description":"CD Reason - Other?"},{"FieldId":"DISCLOSEDCD.Reason_RevisionsrequestedbytheConsumer.{0}","Format":101,"Description":"CD Reason - Revisions requested by the Consumer?"},{"FieldId":"DISCLOSEDCD.Reason24hourAdvancedPreview.{0}","Format":101,"Description":"CD Reason - 24-hour Advanced Preview?"},{"FieldId":"DISCLOSEDCD.ReasonChangedCircumstanceEligibility.{0}","Format":101,"Description":"CD Reason - Changed Circumstance - Eligibility?"},{"FieldId":"DISCLOSEDCD.ReasonChangeinAPR.{0}","Format":101,"Description":"CD Reason - Change in APR?"},{"FieldId":"DISCLOSEDCD.ReasonChangeinLoanProduct.{0}","Format":101,"Description":"CD Reason - Change in Loan Product?"},{"FieldId":"DISCLOSEDCD.ReasonChangeinSettlementCharges.{0}","Format":101,"Description":"CD Reason - Change in Settlement Charges?"},{"FieldId":"DISCLOSEDCD.ReasonClericalErrorCorrection.{0}","Format":101,"Description":"CD Reason - Clerical Error Correction?"},{"FieldId":"DISCLOSEDCD.ReasonComments.{0}","Format":101,"Description":"CD Reason Comments"},{"FieldId":"DISCLOSEDCD.ReasonPrepaymentPenaltyAdded.{0}","Format":101,"Description":"CD Reason - Prepayment Penalty Added?"},{"FieldId":"DISCLOSEDCD.ReasonToleranceCure.{0}","Format":101,"Description":"CD Reason - Tolerance Cure?"},{"FieldId":"DISCLOSEDCD.SentBy.{0}","Format":101,"Description":"CD Sent By"},{"FieldId":"DISCLOSEDCD.SentDate.{0}","Format":301,"Description":"CD Sent Date"},{"FieldId":"DISCLOSEDCD.SentMethod.{0}","Format":101,"Description":"CD Sent Method"},{"FieldId":"DISCLOSEDGFE.ApplicationDate.{0}","Format":301,"Description":"GFE Disclosure Application Date"},{"FieldId":"DISCLOSEDGFE.BorrowerName.{0}","Format":101,"Description":"GFE Disclosure Borrower Name"},{"FieldId":"DISCLOSEDGFE.CoBorrowerName.{0}","Format":101,"Description":"GFE Disclosure CoBorrower Name"},{"FieldId":"DISCLOSEDGFE.Comments.{0}","Format":101,"Description":"GFE Disclosure Comments"},{"FieldId":"DISCLOSEDGFE.DeliveryMethod.{0}","Format":101,"Description":"GFE Disclosure Delivery Method"},{"FieldId":"DISCLOSEDGFE.DisclosedBy.{0}","Format":101,"Description":"GFE Disclosure Disclosed By"},{"FieldId":"DISCLOSEDGFE.FinanceCharge.{0}","Format":101,"Description":"GFE Disclosure Finance Charge"},{"FieldId":"DISCLOSEDGFE.LoanAmount.{0}","Format":101,"Description":"GFE Disclosure Loan Amount"},{"FieldId":"DISCLOSEDGFE.LoanProgram.{0}","Format":101,"Description":"GFE Disclosure Loan Program"},{"FieldId":"DISCLOSEDGFE.PropertyAddress.{0}","Format":101,"Description":"GFE Disclosure Property Address"},{"FieldId":"DISCLOSEDGFE.PropertyCity.{0}","Format":101,"Description":"GFE Disclosure Property City"},{"FieldId":"DISCLOSEDGFE.PropertyState.{0}","Format":101,"Description":"GFE Disclosure Property State"},{"FieldId":"DISCLOSEDGFE.PropertyZip.{0}","Format":101,"Description":"GFE Disclosure Property Zip"},{"FieldId":"DISCLOSEDGFE.ReceivedDate.{0}","Format":304,"Description":"GFE Disclosure Received Date"},{"FieldId":"DISCLOSEDGFE.SentDate.{0}","Format":301,"Description":"GFE Disclosure Sent Date"},{"FieldId":"DISCLOSEDGFE.Snapshot.1014.{0}","Format":204,"Description":"GFE Snapshot - Trans Details Qual Rate"},{"FieldId":"DISCLOSEDGFE.Snapshot.1063.{0}","Format":101,"Description":"GFE Snapshot - Trans Details Loan Type Other"},{"FieldId":"DISCLOSEDGFE.Snapshot.1109.{0}","Format":203,"Description":"GFE Snapshot - Trans Details Loan Amt"},{"FieldId":"DISCLOSEDGFE.Snapshot.1172.{0}","Format":101,"Description":"GFE Snapshot - Trans Details Loan Type"},{"FieldId":"DISCLOSEDGFE.Snapshot.1266.{0}","Format":201,"Description":"GFE Snapshot - Trans Details Amort Type GPM Yrs"},{"FieldId":"DISCLOSEDGFE.Snapshot.1267.{0}","Format":204,"Description":"GFE Snapshot - Trans Details Amort Type GPM Rate"},{"FieldId":"DISCLOSEDGFE.Snapshot.1347.{0}","Format":201,"Description":"GFE Snapshot - Trans Details Loan Term"},{"FieldId":"DISCLOSEDGFE.Snapshot.1401.{0}","Format":101,"Description":"GFE Snapshot - Trans Details Loan Program"},{"FieldId":"DISCLOSEDGFE.Snapshot.1550.{0}","Format":102,"Description":"GFE Snapshot - Underwriting Escrow"},{"FieldId":"DISCLOSEDGFE.Snapshot.1659.{0}","Format":102,"Description":"GFE Snapshot - Trans Details Amort Type Balloon"},{"FieldId":"DISCLOSEDGFE.Snapshot.1785.{0}","Format":101,"Description":"GFE Snapshot - Trans Details Closing Cost Program"},{"FieldId":"DISCLOSEDGFE.Snapshot.19.{0}","Format":101,"Description":"GFE Snapshot - Trans Details Loan Purpose"},{"FieldId":"DISCLOSEDGFE.Snapshot.2.{0}","Format":203,"Description":"GFE Snapshot - Trans Details Total Loan Amt (w/ MIP/FF)"},{"FieldId":"DISCLOSEDGFE.Snapshot.3.{0}","Format":204,"Description":"GFE Snapshot - Trans Details Interest Rate"},{"FieldId":"DISCLOSEDGFE.Snapshot.3136.{0}","Format":102,"Description":"GFE Snapshot - Disclosed By Broker Chbx"},{"FieldId":"DISCLOSEDGFE.Snapshot.3137.{0}","Format":301,"Description":"GFE Snapshot - GFE Last Disclosed Date"},{"FieldId":"DISCLOSEDGFE.Snapshot.3138.{0}","Format":101,"Description":"GFE Snapshot - GFE Disclosure Method"},{"FieldId":"DISCLOSEDGFE.Snapshot.3139.{0}","Format":101,"Description":"GFE Snapshot - GFE Last Disclosed By"},{"FieldId":"DISCLOSEDGFE.Snapshot.3140.{0}","Format":301,"Description":"GFE Snapshot - GFE Expiration Date"},{"FieldId":"DISCLOSEDGFE.Snapshot.3162.{0}","Format":101,"Description":"GFE Snapshot - No. of Days GFE Valid After Received"},{"FieldId":"DISCLOSEDGFE.Snapshot.3163.{0}","Format":301,"Description":"GFE Snapshot - GFE Last Disclosure Rcvd Date"},{"FieldId":"DISCLOSEDGFE.Snapshot.3164.{0}","Format":102,"Description":"GFE Snapshot - Borrower Intends to Continue Chkbx"},{"FieldId":"DISCLOSEDGFE.Snapshot.3165.{0}","Format":301,"Description":"GFE Snapshot - Changed Circumstance Rcvd Date"},{"FieldId":"DISCLOSEDGFE.Snapshot.3166.{0}","Format":101,"Description":"GFE Snapshot - GFE Changed Circumstance Comments"},{"FieldId":"DISCLOSEDGFE.Snapshot.3167.{0}","Format":301,"Description":"GFE Snapshot - Revised GFE Due Date"},{"FieldId":"DISCLOSEDGFE.Snapshot.3168.{0}","Format":102,"Description":"GFE Snapshot - Changed Circumstance Chkbx"},{"FieldId":"DISCLOSEDGFE.Snapshot.3169.{0}","Format":101,"Description":"GFE Snapshot - GFE Changed Circumstance"},{"FieldId":"DISCLOSEDGFE.Snapshot.3170.{0}","Format":301,"Description":"GFE Snapshot - GFE Date for Printed Form"},{"FieldId":"DISCLOSEDGFE.Snapshot.325.{0}","Format":201,"Description":"GFE Snapshot - Trans Details Term Due In"},{"FieldId":"DISCLOSEDGFE.Snapshot.332.{0}","Format":201,"Description":"GFE Snapshot - Fees Interest # of Days"},{"FieldId":"DISCLOSEDGFE.Snapshot.333.{0}","Format":205,"Description":"GFE Snapshot - Fees Interest Per Day"},{"FieldId":"DISCLOSEDGFE.Snapshot.364.{0}","Format":101,"Description":"GFE Snapshot - Trans Details Loan #"},{"FieldId":"DISCLOSEDGFE.Snapshot.4.{0}","Format":201,"Description":"GFE Snapshot - Trans Details Term (Mos)"},{"FieldId":"DISCLOSEDGFE.Snapshot.5.{0}","Format":203,"Description":"GFE Snapshot - Trans Details Mo Pymt (P&I)"},{"FieldId":"DISCLOSEDGFE.Snapshot.608.{0}","Format":101,"Description":"GFE Snapshot - Trans Details Amort Type"},{"FieldId":"DISCLOSEDGFE.Snapshot.617.{0}","Format":101,"Description":"GFE Snapshot - File Contacts Appraisal Co Name"},{"FieldId":"DISCLOSEDGFE.Snapshot.624.{0}","Format":101,"Description":"GFE Snapshot - File Contacts Cred Rpt Agency Name"},{"FieldId":"DISCLOSEDGFE.Snapshot.675.{0}","Format":101,"Description":"GFE Snapshot - Prepayment Penalty"},{"FieldId":"DISCLOSEDGFE.Snapshot.682.{0}","Format":301,"Description":"GFE Snapshot - Trans Details First Pymt Date"},{"FieldId":"DISCLOSEDGFE.Snapshot.761.{0}","Format":301,"Description":"GFE Snapshot - Trans Details Lock Date"},{"FieldId":"DISCLOSEDGFE.Snapshot.762.{0}","Format":301,"Description":"GFE Snapshot - Trans Details Rate Lock Expires"},{"FieldId":"DISCLOSEDGFE.Snapshot.763.{0}","Format":301,"Description":"GFE Snapshot - Trans Details Est Closing Date"},{"FieldId":"DISCLOSEDGFE.Snapshot.9.{0}","Format":101,"Description":"GFE Snapshot - Trans Details Loan Purpose other"},{"FieldId":"DISCLOSEDGFE.Snapshot.994.{0}","Format":101,"Description":"GFE Snapshot - Trans Details Amort Type Other Descr"},{"FieldId":"DISCLOSEDGFE.Snapshot.995.{0}","Format":101,"Description":"GFE Snapshot - Trans Details Amort Type ARM Descr"},{"FieldId":"DISCLOSEDGFE.Snapshot.HUD24.{0}","Format":203,"Description":"GFE Snapshot - HUD Escrow Monthly Payment"},{"FieldId":"DISCLOSEDGFE.Snapshot.L224.{0}","Format":101,"Description":"GFE Snapshot - Fees Tax Svc Fee Descr"},{"FieldId":"DISCLOSEDGFE.Snapshot.L244.{0}","Format":301,"Description":"GFE Snapshot - Fees Interest From"},{"FieldId":"DISCLOSEDGFE.Snapshot.L245.{0}","Format":301,"Description":"GFE Snapshot - Fees Interest To"},{"FieldId":"DISCLOSEDGFE.Snapshot.L248.{0}","Format":101,"Description":"GFE Snapshot - File Contacts Mtg Ins Co Name"},{"FieldId":"DISCLOSEDGFE.Snapshot.NEWHUD.X1.{0}","Format":101,"Description":"GFE Snapshot - Avail Date for GFE Interest Rate"},{"FieldId":"DISCLOSEDGFE.Snapshot.NEWHUD.X10.{0}","Format":203,"Description":"GFE Snapshot - Max Mthly Pymt After 1st Increase"},{"FieldId":"DISCLOSEDGFE.Snapshot.NEWHUD.X1000.{0}","Format":101,"Description":"GFE Snapshot - Component Fee of Line 1101 Additional Line 1101f Paid By"},{"FieldId":"DISCLOSEDGFE.Snapshot.NEWHUD.X1002.{0}","Format":102,"Description":"GFE Snapshot - Component Fee of Line 1101 Additional Line 1101f Borrower Selects"},{"FieldId":"DISCLOSEDGFE.Snapshot.NEWHUD.X1003.{0}","Format":102,"Description":"GFE Snapshot - Component Fee of Line 1101 Additional Line 1101f APR"},{"FieldId":"DISCLOSEDGFE.Snapshot.NEWHUD.X1005.{0}","Format":203,"Description":"GFE Snapshot - Component Fee of Line 1101 Additional Line 1101a Whole POC Amount"},{"FieldId":"DISCLOSEDGFE.Snapshot.NEWHUD.X1006.{0}","Format":203,"Description":"GFE Snapshot - Component Fee of Line 1101 Additional Line 1101b Whole POC Amount"},{"FieldId":"DISCLOSEDGFE.Snapshot.NEWHUD.X1008.{0}","Format":203,"Description":"GFE Snapshot - Component Fee of Line 1101 Additional Line 1101d Whole POC Amount"},{"FieldId":"DISCLOSEDGFE.Snapshot.NEWHUD.X1009.{0}","Format":203,"Description":"GFE Snapshot - Component Fee of Line 1101 Additional Line 1101e Whole POC Amount"},{"FieldId":"DISCLOSEDGFE.Snapshot.NEWHUD.X101.{0}","Format":204,"Description":"GFE Snapshot - Lower Int Rate-Initial Interest Rate"},{"FieldId":"DISCLOSEDGFE.Snapshot.NEWHUD.X1011.{0}","Format":101,"Description":"GFE Snapshot - Component Fee of Line 1101 Additional Line 1101a Whole POC Paid By"},{"FieldId":"DISCLOSEDGFE.Snapshot.NEWHUD.X1012.{0}","Format":101,"Description":"GFE Snapshot - Component Fee of Line 1101 Additional Line 1101b Whole POC Paid By"},{"FieldId":"DISCLOSEDGFE.Snapshot.NEWHUD.X102.{0}","Format":203,"Description":"GFE Snapshot - Lower Int Rate-Initial Monthly Amt Owed"},{"FieldId":"DISCLOSEDGFE.Snapshot.NEWHUD.X103.{0}","Format":203,"Description":"GFE Snapshot - Lower Int Rate-Mnthly Pymt Reduction"},{"FieldId":"DISCLOSEDGFE.Snapshot.NEWHUD.X104.{0}","Format":203,"Description":"GFE Snapshot - Lower Int Rate-Sttlmnt Chrgs Increase"},{"FieldId":"DISCLOSEDGFE.Snapshot.NEWHUD.X105.{0}","Format":203,"Description":"GFE Snapshot - Lower Int Rate-Total Est Sttlmnt Chrgs"},{"FieldId":"DISCLOSEDGFE.Snapshot.NEWHUD.X108.{0}","Format":102,"Description":"GFE Snapshot - Fees Line 1302 Borr Selects"},{"FieldId":"DISCLOSEDGFE.Snapshot.NEWHUD.X109.{0}","Format":102,"Description":"GFE Snapshot - Fees Line 1303 Borr Selects"},{"FieldId":"DISCLOSEDGFE.Snapshot.NEWHUD.X11.{0}","Format":203,"Description":"GFE Snapshot - Maximum Monthly Payment"},{"FieldId":"DISCLOSEDGFE.Snapshot.NEWHUD.X110.{0}","Format":102,"Description":"GFE Snapshot - Fees Line 1304 Borr Selects"},{"FieldId":"DISCLOSEDGFE.Snapshot.NEWHUD.X111.{0}","Format":102,"Description":"GFE Snapshot - Fees Line 1305 Borr Selects"},{"FieldId":"DISCLOSEDGFE.Snapshot.NEWHUD.X112.{0}","Format":102,"Description":"GFE Snapshot - Fees Line 1306 Borr Selects"},{"FieldId":"DISCLOSEDGFE.Snapshot.NEWHUD.X113.{0}","Format":102,"Description":"GFE Snapshot - Fees Line 1307 Borr Selects"},{"FieldId":"DISCLOSEDGFE.Snapshot.NEWHUD.X114.{0}","Format":102,"Description":"GFE Snapshot - Fees Line 1308 Borr Selects"},{"FieldId":"DISCLOSEDGFE.Snapshot.NEWHUD.X115.{0}","Format":102,"Description":"GFE Snapshot - Fees Line 1309 Borr Selects"},{"FieldId":"DISCLOSEDGFE.Snapshot.NEWHUD.X119.{0}","Format":102,"Description":"GFE Snapshot - Borr Selects Homeowner Ins - Line 1"},{"FieldId":"DISCLOSEDGFE.Snapshot.NEWHUD.X12.{0}","Format":203,"Description":"GFE Snapshot - Total Est Origination Charges"},{"FieldId":"DISCLOSEDGFE.Snapshot.NEWHUD.X120.{0}","Format":102,"Description":"GFE Snapshot - Borr Selects Homeowner Ins - Line 2"},{"FieldId":"DISCLOSEDGFE.Snapshot.NEWHUD.X121.{0}","Format":102,"Description":"GFE Snapshot - Borr Selects Homeowner Ins - Line 3"},{"FieldId":"DISCLOSEDGFE.Snapshot.NEWHUD.X122.{0}","Format":102,"Description":"GFE Snapshot - Borr Selects Homeowner Ins - Line 4"},{"FieldId":"DISCLOSEDGFE.Snapshot.NEWHUD.X123.{0}","Format":102,"Description":"GFE Snapshot - Borr Selects Homeowner Ins - Line 5"},{"FieldId":"DISCLOSEDGFE.Snapshot.NEWHUD.X124.{0}","Format":102,"Description":"GFE Snapshot - Borr Selects Homeowner Ins - Line 6"},{"FieldId":"DISCLOSEDGFE.Snapshot.NEWHUD.X13.{0}","Format":203,"Description":"GFE Snapshot - Cred/Chrgs for Spec Int Rate Applied to GFE"},{"FieldId":"DISCLOSEDGFE.Snapshot.NEWHUD.X14.{0}","Format":101,"Description":"GFE Snapshot - Can Monthly Payment Rise"},{"FieldId":"DISCLOSEDGFE.Snapshot.NEWHUD.X16.{0}","Format":203,"Description":"GFE Snapshot - Fees Adj Orig Chrgs Applied to GFE"},{"FieldId":"DISCLOSEDGFE.Snapshot.NEWHUD.X17.{0}","Format":203,"Description":"GFE Snapshot - Required Services We Select"},{"FieldId":"DISCLOSEDGFE.Snapshot.NEWHUD.X18.{0}","Format":101,"Description":"GFE Snapshot - Required Service 1 Descr"},{"FieldId":"DISCLOSEDGFE.Snapshot.NEWHUD.X19.{0}","Format":203,"Description":"GFE Snapshot - Required Service 1 Charge"},{"FieldId":"DISCLOSEDGFE.Snapshot.NEWHUD.X2.{0}","Format":301,"Description":"GFE Snapshot - Avail Date for All Other GFE Sttlmnt Chrgs"},{"FieldId":"DISCLOSEDGFE.Snapshot.NEWHUD.X20.{0}","Format":101,"Description":"GFE Snapshot - Required Service 2 Descr"},{"FieldId":"DISCLOSEDGFE.Snapshot.NEWHUD.X21.{0}","Format":203,"Description":"GFE Snapshot - Required Service 2 Charge"},{"FieldId":"DISCLOSEDGFE.Snapshot.NEWHUD.X214.{0}","Format":203,"Description":"GFE Snapshot - Fees Line 1201 Applied to GFE"},{"FieldId":"DISCLOSEDGFE.Snapshot.NEWHUD.X217.{0}","Format":203,"Description":"GFE Snapshot - Initial Mthly Pymt Princpl, Int, & Mrtg Ins"},{"FieldId":"DISCLOSEDGFE.Snapshot.NEWHUD.X22.{0}","Format":101,"Description":"GFE Snapshot - New HUD Field Required Service Description 3"},{"FieldId":"DISCLOSEDGFE.Snapshot.NEWHUD.X23.{0}","Format":203,"Description":"GFE Snapshot - Required Service 3 Charge"},{"FieldId":"DISCLOSEDGFE.Snapshot.NEWHUD.X24.{0}","Format":101,"Description":"GFE Snapshot - Required Service 4 Descr"},{"FieldId":"DISCLOSEDGFE.Snapshot.NEWHUD.X25.{0}","Format":203,"Description":"GFE Snapshot - Required Service 4 Charge"},{"FieldId":"DISCLOSEDGFE.Snapshot.NEWHUD.X26.{0}","Format":101,"Description":"GFE Snapshot - Required Service 5 Descr"},{"FieldId":"DISCLOSEDGFE.Snapshot.NEWHUD.X27.{0}","Format":203,"Description":"GFE Snapshot - Required Service 5 Charge"},{"FieldId":"DISCLOSEDGFE.Snapshot.NEWHUD.X28.{0}","Format":101,"Description":"GFE Snapshot - Required Service 6 Descr"},{"FieldId":"DISCLOSEDGFE.Snapshot.NEWHUD.X29.{0}","Format":203,"Description":"GFE Snapshot - Required Service 6 Charge"},{"FieldId":"DISCLOSEDGFE.Snapshot.NEWHUD.X3.{0}","Format":101,"Description":"GFE Snapshot - Days Before Sttlmtn to Lock Int Rate"},{"FieldId":"DISCLOSEDGFE.Snapshot.NEWHUD.X30.{0}","Format":101,"Description":"GFE Snapshot - Required Service 7 Descr"},{"FieldId":"DISCLOSEDGFE.Snapshot.NEWHUD.X31.{0}","Format":203,"Description":"GFE Snapshot - Required Service 7 Charge"},{"FieldId":"DISCLOSEDGFE.Snapshot.NEWHUD.X32.{0}","Format":101,"Description":"GFE Snapshot - Required Service 8 Descr"},{"FieldId":"DISCLOSEDGFE.Snapshot.NEWHUD.X33.{0}","Format":203,"Description":"GFE Snapshot - Required Service 8 Charge"},{"FieldId":"DISCLOSEDGFE.Snapshot.NEWHUD.X34.{0}","Format":101,"Description":"GFE Snapshot - Required Service 9 Descr"},{"FieldId":"DISCLOSEDGFE.Snapshot.NEWHUD.X348.{0}","Format":201,"Description":"GFE Snapshot - Years Until Balloon Pymt Due"},{"FieldId":"DISCLOSEDGFE.Snapshot.NEWHUD.X349.{0}","Format":102,"Description":"GFE Snapshot - Escrow Acct Chrg Type All Prop Taxes"},{"FieldId":"DISCLOSEDGFE.Snapshot.NEWHUD.X35.{0}","Format":203,"Description":"GFE Snapshot - Required Service 9 Charge"},{"FieldId":"DISCLOSEDGFE.Snapshot.NEWHUD.X350.{0}","Format":102,"Description":"GFE Snapshot - Escrow Acct Chrg Type All Insurance"},{"FieldId":"DISCLOSEDGFE.Snapshot.NEWHUD.X351.{0}","Format":102,"Description":"GFE Snapshot - Escrow Acct Chrg Type Other"},{"FieldId":"DISCLOSEDGFE.Snapshot.NEWHUD.X36.{0}","Format":101,"Description":"GFE Snapshot - Required Service 10 Descr"},{"FieldId":"DISCLOSEDGFE.Snapshot.NEWHUD.X37.{0}","Format":203,"Description":"GFE Snapshot - Required Service 10 Charge"},{"FieldId":"DISCLOSEDGFE.Snapshot.NEWHUD.X38.{0}","Format":203,"Description":"GFE Snapshot - Title Serv & Lender's Title Ins Applied to GFE"},{"FieldId":"DISCLOSEDGFE.Snapshot.NEWHUD.X39.{0}","Format":110,"Description":"GFE Snapshot - Owner's Title Ins Applied to GFE"},{"FieldId":"DISCLOSEDGFE.Snapshot.NEWHUD.X399.{0}","Format":101,"Description":"GFE Snapshot - Flood Certification To"},{"FieldId":"DISCLOSEDGFE.Snapshot.NEWHUD.X4.{0}","Format":203,"Description":"GFE Snapshot - Initial Loan Amount"},{"FieldId":"DISCLOSEDGFE.Snapshot.NEWHUD.X40.{0}","Format":203,"Description":"GFE Snapshot - Fees Line 1301l Applied to GFE"},{"FieldId":"DISCLOSEDGFE.Snapshot.NEWHUD.X401.{0}","Format":101,"Description":"GFE Snapshot - Title Service 1 Descr"},{"FieldId":"DISCLOSEDGFE.Snapshot.NEWHUD.X402.{0}","Format":203,"Description":"GFE Snapshot - Title Service 1 Charge"},{"FieldId":"DISCLOSEDGFE.Snapshot.NEWHUD.X403.{0}","Format":101,"Description":"GFE Snapshot - Title Service 2 Descr"},{"FieldId":"DISCLOSEDGFE.Snapshot.NEWHUD.X404.{0}","Format":203,"Description":"GFE Snapshot - Title Service 2 Charge"},{"FieldId":"DISCLOSEDGFE.Snapshot.NEWHUD.X405.{0}","Format":101,"Description":"GFE Snapshot - Title Service 3 Descr"},{"FieldId":"DISCLOSEDGFE.Snapshot.NEWHUD.X406.{0}","Format":203,"Description":"GFE Snapshot - Title Service 3 Charge"},{"FieldId":"DISCLOSEDGFE.Snapshot.NEWHUD.X407.{0}","Format":101,"Description":"GFE Snapshot - Title Service 4 Descr"},{"FieldId":"DISCLOSEDGFE.Snapshot.NEWHUD.X408.{0}","Format":203,"Description":"GFE Snapshot - Title Service 4 Charge"},{"FieldId":"DISCLOSEDGFE.Snapshot.NEWHUD.X409.{0}","Format":101,"Description":"GFE Snapshot - Title Service 5 Descr"},{"FieldId":"DISCLOSEDGFE.Snapshot.NEWHUD.X41.{0}","Format":101,"Description":"GFE Snapshot - Shop Service 1 Descr"},{"FieldId":"DISCLOSEDGFE.Snapshot.NEWHUD.X410.{0}","Format":203,"Description":"GFE Snapshot - Title Service 5 Charge"},{"FieldId":"DISCLOSEDGFE.Snapshot.NEWHUD.X411.{0}","Format":101,"Description":"GFE Snapshot - Title Service 6 Descr"},{"FieldId":"DISCLOSEDGFE.Snapshot.NEWHUD.X412.{0}","Format":203,"Description":"GFE Snapshot - Title Service 6 Charge"},{"FieldId":"DISCLOSEDGFE.Snapshot.NEWHUD.X413.{0}","Format":101,"Description":"GFE Snapshot - Title Service 7 Descr"},{"FieldId":"DISCLOSEDGFE.Snapshot.NEWHUD.X414.{0}","Format":203,"Description":"GFE Snapshot - Title Service 7 Charge"},{"FieldId":"DISCLOSEDGFE.Snapshot.NEWHUD.X42.{0}","Format":203,"Description":"GFE Snapshot - Fees Line 1302 Applied to GFE"},{"FieldId":"DISCLOSEDGFE.Snapshot.NEWHUD.X43.{0}","Format":101,"Description":"GFE Snapshot - Shop Service 2 Descr"},{"FieldId":"DISCLOSEDGFE.Snapshot.NEWHUD.X44.{0}","Format":203,"Description":"GFE Snapshot - Fees Line 1303 Applied to GFE"},{"FieldId":"DISCLOSEDGFE.Snapshot.NEWHUD.X45.{0}","Format":101,"Description":"GFE Snapshot - Shop Service 3 Descr"},{"FieldId":"DISCLOSEDGFE.Snapshot.NEWHUD.X46.{0}","Format":203,"Description":"GFE Snapshot - Fees Line 1304 Applied to GFE"},{"FieldId":"DISCLOSEDGFE.Snapshot.NEWHUD.X47.{0}","Format":101,"Description":"GFE Snapshot - Shop Service 4 Descr"},{"FieldId":"DISCLOSEDGFE.Snapshot.NEWHUD.X48.{0}","Format":203,"Description":"GFE Snapshot - Fees Line 1305 Applied to GFE"},{"FieldId":"DISCLOSEDGFE.Snapshot.NEWHUD.X49.{0}","Format":101,"Description":"GFE Snapshot - Shop Service 5 Descr"},{"FieldId":"DISCLOSEDGFE.Snapshot.NEWHUD.X5.{0}","Format":102,"Description":"GFE Snapshot - Can Your Interest Rate Rise"},{"FieldId":"DISCLOSEDGFE.Snapshot.NEWHUD.X50.{0}","Format":203,"Description":"GFE Snapshot - Fees Line 1306 Applied to GFE"},{"FieldId":"DISCLOSEDGFE.Snapshot.NEWHUD.X51.{0}","Format":101,"Description":"GFE Snapshot - Shop Service 6 Descr"},{"FieldId":"DISCLOSEDGFE.Snapshot.NEWHUD.X52.{0}","Format":203,"Description":"GFE Snapshot - Fees Line 1307 Applied to GFE"},{"FieldId":"DISCLOSEDGFE.Snapshot.NEWHUD.X53.{0}","Format":101,"Description":"GFE Snapshot - Shop Service 7 Descr"},{"FieldId":"DISCLOSEDGFE.Snapshot.NEWHUD.X54.{0}","Format":203,"Description":"GFE Snapshot - Fees Line 1308 Applied to GFE"},{"FieldId":"DISCLOSEDGFE.Snapshot.NEWHUD.X55.{0}","Format":101,"Description":"GFE Snapshot - Shop Service 8 Descr"},{"FieldId":"DISCLOSEDGFE.Snapshot.NEWHUD.X555.{0}","Format":204,"Description":"GFE Snapshot - ARM Max Life Interest Cap"},{"FieldId":"DISCLOSEDGFE.Snapshot.NEWHUD.X556.{0}","Format":201,"Description":"GFE Snapshot - ARM First Period Change"},{"FieldId":"DISCLOSEDGFE.Snapshot.NEWHUD.X559.{0}","Format":101,"Description":"GFE Snapshot - Title Service 8 Descr"},{"FieldId":"DISCLOSEDGFE.Snapshot.NEWHUD.X56.{0}","Format":203,"Description":"GFE Snapshot - Fees Line 1309 Applied to GFE"},{"FieldId":"DISCLOSEDGFE.Snapshot.NEWHUD.X560.{0}","Format":203,"Description":"GFE Snapshot - Title Service 8 Charge"},{"FieldId":"DISCLOSEDGFE.Snapshot.NEWHUD.X561.{0}","Format":101,"Description":"GFE Snapshot - Title Service 9 Descr"},{"FieldId":"DISCLOSEDGFE.Snapshot.NEWHUD.X562.{0}","Format":203,"Description":"GFE Snapshot - Title Service 9 Charge"},{"FieldId":"DISCLOSEDGFE.Snapshot.NEWHUD.X6.{0}","Format":102,"Description":"GFE Snapshot - Can Your Loan Balance Rise"},{"FieldId":"DISCLOSEDGFE.Snapshot.NEWHUD.X604.{0}","Format":203,"Description":"GFE Snapshot - Fees Line 1202 Applied to GFE"},{"FieldId":"DISCLOSEDGFE.Snapshot.NEWHUD.X609.{0}","Format":203,"Description":"GFE Snapshot - Fees Apprsl Fee Applied to GFE"},{"FieldId":"DISCLOSEDGFE.Snapshot.NEWHUD.X610.{0}","Format":203,"Description":"GFE Snapshot - Fees Credit Report Fee Applied to GFE"},{"FieldId":"DISCLOSEDGFE.Snapshot.NEWHUD.X611.{0}","Format":203,"Description":"GFE Snapshot - Fees Tax Service Fee Applied to GFE"},{"FieldId":"DISCLOSEDGFE.Snapshot.NEWHUD.X612.{0}","Format":203,"Description":"GFE Snapshot - Fees Flood Cert Fee Applied to GFE"},{"FieldId":"DISCLOSEDGFE.Snapshot.NEWHUD.X622.{0}","Format":203,"Description":"GFE Snapshot - Fees Mtg Ins Premium Applied to GFE"},{"FieldId":"DISCLOSEDGFE.Snapshot.NEWHUD.X642.{0}","Format":101,"Description":"GFE Snapshot - Title Service 10 Descr"},{"FieldId":"DISCLOSEDGFE.Snapshot.NEWHUD.X643.{0}","Format":203,"Description":"GFE Snapshot - Title Service 10 Charge"},{"FieldId":"DISCLOSEDGFE.Snapshot.NEWHUD.X653.{0}","Format":101,"Description":"GFE Snapshot - Homeowner Ins 7 Descr"},{"FieldId":"DISCLOSEDGFE.Snapshot.NEWHUD.X654.{0}","Format":203,"Description":"GFE Snapshot - Homeowner Ins 7 Chrg"},{"FieldId":"DISCLOSEDGFE.Snapshot.NEWHUD.X655.{0}","Format":102,"Description":"GFE Snapshot - Homeowner Ins 7 Borr Select"},{"FieldId":"DISCLOSEDGFE.Snapshot.NEWHUD.X691.{0}","Format":203,"Description":"GFE Snapshot - Fees Line 1001 Applied to GFE"},{"FieldId":"DISCLOSEDGFE.Snapshot.NEWHUD.X7.{0}","Format":203,"Description":"GFE Snapshot - HUD-Maximum Loan Balance"},{"FieldId":"DISCLOSEDGFE.Snapshot.NEWHUD.X701.{0}","Format":203,"Description":"GFE Snapshot - Fees Daily Int Chrgs Applied to GFE"},{"FieldId":"DISCLOSEDGFE.Snapshot.NEWHUD.X719.{0}","Format":101,"Description":"GFE Snapshot - No. Days from Rate Lock to Settlement"},{"FieldId":"DISCLOSEDGFE.Snapshot.NEWHUD.X721.{0}","Format":203,"Description":"GFE Snapshot - Borr Orig Fee Credit for Int Rate"},{"FieldId":"DISCLOSEDGFE.Snapshot.NEWHUD.X722.{0}","Format":203,"Description":"GFE Snapshot - Borr Charge Amt for Points - GFE"},{"FieldId":"DISCLOSEDGFE.Snapshot.NEWHUD.X724.{0}","Format":203,"Description":"GFE Snapshot - Fees Line 1206 Applied to GFE"},{"FieldId":"DISCLOSEDGFE.Snapshot.NEWHUD.X76.{0}","Format":203,"Description":"GFE Snapshot - Transfer Tax Total GFE"},{"FieldId":"DISCLOSEDGFE.Snapshot.NEWHUD.X771.{0}","Format":203,"Description":"GFE Snapshot - Fees Line 1207 Applied to GFE"},{"FieldId":"DISCLOSEDGFE.Snapshot.NEWHUD.X772.{0}","Format":203,"Description":"GFE Snapshot - Fees Line 1208 Applied to GFE"},{"FieldId":"DISCLOSEDGFE.Snapshot.NEWHUD.X78.{0}","Format":101,"Description":"GFE Snapshot - Other Escrow Descr"},{"FieldId":"DISCLOSEDGFE.Snapshot.NEWHUD.X79.{0}","Format":203,"Description":"GFE Snapshot - Homeowner Ins Total Amt"},{"FieldId":"DISCLOSEDGFE.Snapshot.NEWHUD.X8.{0}","Format":102,"Description":"GFE Snapshot - Can Monthly Payments Rise"},{"FieldId":"DISCLOSEDGFE.Snapshot.NEWHUD.X80.{0}","Format":101,"Description":"GFE Snapshot - Homeowner Ins 1 Descr"},{"FieldId":"DISCLOSEDGFE.Snapshot.NEWHUD.X81.{0}","Format":203,"Description":"GFE Snapshot - Homeowner Ins 1 Chrg"},{"FieldId":"DISCLOSEDGFE.Snapshot.NEWHUD.X82.{0}","Format":101,"Description":"GFE Snapshot - Homeowner Ins 2 Descr"},{"FieldId":"DISCLOSEDGFE.Snapshot.NEWHUD.X83.{0}","Format":203,"Description":"GFE Snapshot - Homeowner Ins 2 Chrg"},{"FieldId":"DISCLOSEDGFE.Snapshot.NEWHUD.X84.{0}","Format":101,"Description":"GFE Snapshot - Homeowner Ins 3 Descr"},{"FieldId":"DISCLOSEDGFE.Snapshot.NEWHUD.X85.{0}","Format":203,"Description":"GFE Snapshot - Homeowner Ins 3 Chrg"},{"FieldId":"DISCLOSEDGFE.Snapshot.NEWHUD.X86.{0}","Format":101,"Description":"GFE Snapshot - Homeowner Ins 4 Descr"},{"FieldId":"DISCLOSEDGFE.Snapshot.NEWHUD.X87.{0}","Format":203,"Description":"GFE Snapshot - Homeowner Ins 4 Chrg"},{"FieldId":"DISCLOSEDGFE.Snapshot.NEWHUD.X88.{0}","Format":101,"Description":"GFE Snapshot - Homeowner Ins 5 Descr"},{"FieldId":"DISCLOSEDGFE.Snapshot.NEWHUD.X89.{0}","Format":203,"Description":"GFE Snapshot - Homeowner Ins 5 Chrg"},{"FieldId":"DISCLOSEDGFE.Snapshot.NEWHUD.X9.{0}","Format":201,"Description":"GFE Snapshot - Mnths Until 1st Mnthly Pymt Increase"},{"FieldId":"DISCLOSEDGFE.Snapshot.NEWHUD.X90.{0}","Format":101,"Description":"GFE Snapshot - Homeowner Ins 6 Descr"},{"FieldId":"DISCLOSEDGFE.Snapshot.NEWHUD.X91.{0}","Format":203,"Description":"GFE Snapshot - Homeowner Ins 6 Chrg"},{"FieldId":"DISCLOSEDGFE.Snapshot.NEWHUD.X92.{0}","Format":203,"Description":"GFE Snapshot - HUD-All Other Settlement Services"},{"FieldId":"DISCLOSEDGFE.Snapshot.NEWHUD.X93.{0}","Format":203,"Description":"GFE Snapshot - HUD-Est Total Settlement Charges"},{"FieldId":"DISCLOSEDGFE.Snapshot.NEWHUD.X95.{0}","Format":204,"Description":"GFE Snapshot - Lower Sttlmnt Chrgs-Intl Int Rate"},{"FieldId":"DISCLOSEDGFE.Snapshot.NEWHUD.X96.{0}","Format":203,"Description":"GFE Snapshot - Lower Sttlmnt Chrgs-Intl  Mnthly Amt Owed"},{"FieldId":"DISCLOSEDGFE.Snapshot.NEWHUD.X97.{0}","Format":203,"Description":"GFE Snapshot - Lower Sttlmnt Chrgs-Mthly Pymt Increase"},{"FieldId":"DISCLOSEDGFE.Snapshot.NEWHUD.X98.{0}","Format":203,"Description":"GFE Snapshot - Lower Sttlmnt Chrgs-Sttlmnt Chrgs Reduction"},{"FieldId":"DISCLOSEDGFE.Snapshot.NEWHUD.X99.{0}","Format":203,"Description":"GFE Snapshot - Lower Sttlmnt Chrgs-Total Est Sttlmnt Chrgs"},{"FieldId":"DISCLOSEDGFE.Snapshot.NEWHUD.X999.{0}","Format":203,"Description":"GFE Snapshot - Component Fee of Line 1101 Additional Line 1101f GFE Amount"},{"FieldId":"DISCLOSEDGFE.Snapshot.RE88395.X121.{0}","Format":203,"Description":"GFE Snapshot - MLDS Final Balloon Pymt Amt"},{"FieldId":"DISCLOSEDGFE.Snapshot.RE88395.X315.{0}","Format":203,"Description":"GFE Snapshot - MLDS Prepymt Penalty Amt"},{"FieldId":"DISCLOSEDLE.BorrowerActualReceivedDate.{0}","Format":301,"Description":"LE Borrower Actual Received Date"},{"FieldId":"DISCLOSEDLE.BorrowerPresumedReceivedDate.{0}","Format":301,"Description":"LE Borrower Presumed Received Date"},{"FieldId":"DISCLOSEDLE.BorrowerReceivedMethod.{0}","Format":101,"Description":"LE Borrower Received Method"},{"FieldId":"DISCLOSEDLE.BorrowerReceivedOtherMethod.{0}","Format":101,"Description":"LE Borrower Received Other Method"},{"FieldId":"DISCLOSEDLE.BorrowerType.{0}","Format":101,"Description":"LE Borrower Type"},{"FieldId":"DISCLOSEDLE.ChangedCircumstanceDetails.{0}","Format":101,"Description":"LE Changed Circumstance Details"},{"FieldId":"DISCLOSEDLE.CoBorrowerActualReceivedDate.{0}","Format":301,"Description":"LE CoBorrower Actual Received Date"},{"FieldId":"DISCLOSEDLE.CoBorrowerPresumedReceivedDate.{0}","Format":301,"Description":"LE CoBorrower Presumed Received Date"},{"FieldId":"DISCLOSEDLE.CoBorrowerReceivedMethod.{0}","Format":101,"Description":"LE CoBorrower Received Method"},{"FieldId":"DISCLOSEDLE.CoBorrowerReceivedOtherMethod.{0}","Format":101,"Description":"LE CoBorrower Received Other Method"},{"FieldId":"DISCLOSEDLE.CoBorrowerType.{0}","Format":101,"Description":"LE CoBorrower Type"},{"FieldId":"DISCLOSEDLE.DisclosedbyBroker.{0}","Format":101,"Description":"LE Disclosed by Broker?"},{"FieldId":"DISCLOSEDLE.DisclosureType.{0}","Format":101,"Description":"LE Disclosure Type"},{"FieldId":"DISCLOSEDLE.IntentComments.{0}","Format":101,"Description":"LE Intent Comments"},{"FieldId":"DISCLOSEDLE.IntentDate.{0}","Format":301,"Description":"LE Intent Date"},{"FieldId":"DISCLOSEDLE.IntentReceivedBy.{0}","Format":101,"Description":"LE Intent Received By"},{"FieldId":"DISCLOSEDLE.IntentReceivedMethod.{0}","Format":101,"Description":"LE Intent Received Method"},{"FieldId":"DISCLOSEDLE.IntentReceivedOtherMethod.{0}","Format":101,"Description":"LE Intent Received Other Method"},{"FieldId":"DISCLOSEDLE.IntenttoProceed.{0}","Format":101,"Description":"LE Intent to Proceed?"},{"FieldId":"DISCLOSEDLE.LoanSnapshot_ApplicationDate.{0}","Format":301,"Description":"LE Loan Snapshot - Application Date"},{"FieldId":"DISCLOSEDLE.LoanSnapshot_DisclosedAPR.{0}","Format":101,"Description":"LE Loan Snapshot - Disclosed APR"},{"FieldId":"DISCLOSEDLE.LoanSnapshot_DisclosedRate.{0}","Format":101,"Description":"LE Loan Snapshot - Disclosed Rate"},{"FieldId":"DISCLOSEDLE.LoanSnapshot_FinanceCharge.{0}","Format":101,"Description":"LE Loan Snapshot - Finance Charge"},{"FieldId":"DISCLOSEDLE.LoanSnapshot_LoanAmount.{0}","Format":101,"Description":"LE Loan Snapshot - Loan Amount"},{"FieldId":"DISCLOSEDLE.LoanSnapshot_LoanProgram.{0}","Format":101,"Description":"LE Loan Snapshot - Loan Program"},{"FieldId":"DISCLOSEDLE.OtherMethod.{0}","Format":101,"Description":"LE Other Method"},{"FieldId":"DISCLOSEDLE.OtherReason.{0}","Format":101,"Description":"LE Other Reason"},{"FieldId":"DISCLOSEDLE.Reason_ChangedCircumstance_Eligibility.{0}","Format":101,"Description":"LE Reason - Changed Circumstance - Eligibility?"},{"FieldId":"DISCLOSEDLE.Reason_ChangedCircumstance_SettmentCharges.{0}","Format":101,"Description":"LE Reason - Changed Circumstance - Settlement Charges?"},{"FieldId":"DISCLOSEDLE.Reason_DelayedSettmentonConstructionLoans.{0}","Format":101,"Description":"LE Reason - Delayed Settlement on Construction Loans?"},{"FieldId":"DISCLOSEDLE.Reason_Expiration.{0}","Format":101,"Description":"LE Reason - Expiration?"},{"FieldId":"DISCLOSEDLE.Reason_InterestRatedependentcharges.{0}","Format":101,"Description":"LE Reason - Interest Rate dependent charges?"},{"FieldId":"DISCLOSEDLE.Reason_Other.{0}","Format":101,"Description":"LE Reason - Other?"},{"FieldId":"DISCLOSEDLE.Reason_RevisionsrequestedbytheConsumer.{0}","Format":101,"Description":"LE Reason - Revisions requested by the Consumer?"},{"FieldId":"DISCLOSEDLE.ReasonComments.{0}","Format":101,"Description":"LE Reason Comments"},{"FieldId":"DISCLOSEDLE.SentBy.{0}","Format":101,"Description":"LE Sent By"},{"FieldId":"DISCLOSEDLE.SentDate.{0}","Format":301,"Description":"LE Sent Date"},{"FieldId":"DISCLOSEDLE.SentMethod.{0}","Format":101,"Description":"LE Sent Method"},{"FieldId":"DISCLOSEDTIL.ApplicationDate.{0}","Format":301,"Description":"TIL Disclosure Application Date"},{"FieldId":"DISCLOSEDTIL.BorrowerName.{0}","Format":101,"Description":"TIL Disclosure Borrower Name"},{"FieldId":"DISCLOSEDTIL.CoBorrowerName.{0}","Format":101,"Description":"TIL Disclosure CoBorrower Name"},{"FieldId":"DISCLOSEDTIL.Comments.{0}","Format":101,"Description":"TIL Disclosure Comments"},{"FieldId":"DISCLOSEDTIL.DeliveryMethod.{0}","Format":101,"Description":"TIL Disclosure Delivery Method"},{"FieldId":"DISCLOSEDTIL.DisclosedAPR.{0}","Format":101,"Description":"TIL Disclosure Disclosed APR"},{"FieldId":"DISCLOSEDTIL.DisclosedBy.{0}","Format":101,"Description":"TIL Disclosure Disclosed By"},{"FieldId":"DISCLOSEDTIL.ExternalByField.{0}","Format":101,"Description":"TIL External Disclosure Disclosed By"},{"FieldId":"DISCLOSEDTIL.ExternalDisclosedAPRField.{0}","Format":204,"Description":"TIL External Disclosure APR"},{"FieldId":"DISCLOSEDTIL.ExternalDisclosedMethod.{0}","Format":101,"Description":"TIL External Disclosure Method"},{"FieldId":"DISCLOSEDTIL.ExternalFinanceChargeField.{0}","Format":203,"Description":"TIL External Disclosure Finance Charge"},{"FieldId":"DISCLOSEDTIL.FinanceCharge.{0}","Format":101,"Description":"TIL Disclosure Finance Charge"},{"FieldId":"DISCLOSEDTIL.LoanAmount.{0}","Format":101,"Description":"TIL Disclosure Loan Amount"},{"FieldId":"DISCLOSEDTIL.LoanProgram.{0}","Format":101,"Description":"TIL Disclosure Loan Program"},{"FieldId":"DISCLOSEDTIL.PropertyAddress.{0}","Format":101,"Description":"TIL Disclosure Property Address"},{"FieldId":"DISCLOSEDTIL.PropertyCity.{0}","Format":101,"Description":"TIL Disclosure Property City"},{"FieldId":"DISCLOSEDTIL.PropertyState.{0}","Format":101,"Description":"TIL Disclosure Property State"},{"FieldId":"DISCLOSEDTIL.PropertyZip.{0}","Format":101,"Description":"TIL Disclosure Property Zip"},{"FieldId":"DISCLOSEDTIL.ReceivedDate.{0}","Format":304,"Description":"TIL Disclosure Received Date"},{"FieldId":"DISCLOSEDTIL.SentDate.{0}","Format":301,"Description":"TIL Disclosure Sent Date"},{"FieldId":"Document.Comments.{0}","Format":101,"Description":"Document Comments"},{"FieldId":"Document.Company.{0}","Format":101,"Description":"Document Company"},{"FieldId":"Document.DateOrdered.{0}","Format":301,"Description":"Document Date Ordered"},{"FieldId":"Document.DateReceived.{0}","Format":301,"Description":"Document Date Received"},{"FieldId":"Document.DateReordered.{0}","Format":301,"Description":"Document Date Reordered"},{"FieldId":"Document.DateReviewed.{0}","Format":301,"Description":"Document Date Reviewed"},{"FieldId":"Document.DateShippingReady.{0}","Format":301,"Description":"Document Date Shipping Ready"},{"FieldId":"Document.DateUnderwritingReady.{0}","Format":301,"Description":"Document Date Underwriting Ready"},{"FieldId":"Document.DaysToExpiration.{0}","Format":101,"Description":"Document Days To Expiration"},{"FieldId":"Document.DaysToReceived.{0}","Format":101,"Description":"Document Days To Received"},{"FieldId":"Document.ExpectedDate.{0}","Format":301,"Description":"Document Expected Date"},{"FieldId":"Document.ExpirationDate.{0}","Format":301,"Description":"Document Expiration Date"},{"FieldId":"Document.Milestone.{0}","Format":101,"Description":"Document Milestone"},{"FieldId":"Document.Status.{0}","Format":101,"Description":"Document Status"},{"FieldId":"Document.Title.{0}","Format":101,"Description":"Document Title"},{"FieldId":"EDISCLOSED2015TRK.eDisclosureActualReceivedDate.{0}","Format":301,"Description":"2015 Fulfillment Actual Received Date"},{"FieldId":"EDISCLOSED2015TRK.eDisclosureBorrowerConsent.{0}","Format":101,"Description":"2015 Borrower Consent when eDisclosure was sent"},{"FieldId":"EDISCLOSED2015TRK.eDisclosureCoBorrowerConsent.{0}","Format":101,"Description":"2015 Co-Borrower Consent when eDisclosure was sent"},{"FieldId":"EDISCLOSED2015TRK.eDisclosurePresumedReceivedDate.{0}","Format":301,"Description":"2015 Fulfillment Presumed Received Date"},{"FieldId":"EDISCLOSED2015TRK.eDisclosureSentDate.{0}","Format":301,"Description":"2015 Fulfillment Sent Date"},{"FieldId":"EDISCLOSEDTRK.BorrowerDateAccepted.{0}","Format":304,"Description":"eDisclosure Date Borrowers Accepted Consent Form"},{"FieldId":"EDISCLOSEDTRK.BorrowerDateAuthenticated.{0}","Format":304,"Description":"eDisclosure Date Borrowers Authenticated"},{"FieldId":"EDISCLOSEDTRK.BorrowerDateESigned.{0}","Format":304,"Description":"eDisclosure Date Borrowers eSigned Disclosures"},{"FieldId":"EDISCLOSEDTRK.BorrowerDateRejected.{0}","Format":304,"Description":"eDisclosure Date Borrowers Rejected Consent Form"},{"FieldId":"EDISCLOSEDTRK.BorrowerDateViewMessage.{0}","Format":304,"Description":"eDisclosure Date Borrowers Viewed Message"},{"FieldId":"EDISCLOSEDTRK.BorrowerDocumentViewedDate.{0}","Format":304,"Description":"eDisclosure Borrower Document Viewed date"},{"FieldId":"EDISCLOSEDTRK.BorrowerEmailAddress.{0}","Format":101,"Description":"eDisclosure Borrower's Email Address"},{"FieldId":"EDISCLOSEDTRK.BorrowerIPAddressAccepted.{0}","Format":101,"Description":"eDisclosure IP Address Borrowers Accepted Consent Form"},{"FieldId":"EDISCLOSEDTRK.BorrowerIPAddressAuthenticated.{0}","Format":101,"Description":"eDisclosure IP Address Borrowers Authenticated"},{"FieldId":"EDISCLOSEDTRK.BorrowerIPAddressESigned.{0}","Format":101,"Description":"eDisclosure IP Address Borrowers eSigned Disclosures"},{"FieldId":"EDISCLOSEDTRK.BorrowerIPAddressRejected.{0}","Format":101,"Description":"eDisclosure IP Address Borrowers Rejected Consent Form"},{"FieldId":"EDISCLOSEDTRK.BorrowerName.{0}","Format":101,"Description":"eDisclosure Borrower's Name"},{"FieldId":"EDISCLOSEDTRK.CoBorrowerDateAccepted.{0}","Format":304,"Description":"eDisclosure Date CoBorrowers Accepted Consent Form"},{"FieldId":"EDISCLOSEDTRK.CoBorrowerDateAuthenticated.{0}","Format":304,"Description":"eDisclosure Date CoBorrowers Authenticated"},{"FieldId":"EDISCLOSEDTRK.CoBorrowerDateESigned.{0}","Format":304,"Description":"eDisclosure Date CoBorrowers eSigned Disclosures"},{"FieldId":"EDISCLOSEDTRK.CoBorrowerDateRejected.{0}","Format":304,"Description":"eDisclosure Date CoBorrowers Rejected Consent Form"},{"FieldId":"EDISCLOSEDTRK.CoBorrowerDateViewMessage.{0}","Format":304,"Description":"eDisclosure Date CoBorrowers Viewed Message"},{"FieldId":"EDISCLOSEDTRK.CoBorrowerDocumentViewedDate.{0}","Format":304,"Description":"eDisclosure Co-Borrower Document Viewed date"},{"FieldId":"EDISCLOSEDTRK.CoBorrowerEmailAddress.{0}","Format":101,"Description":"eDisclosure CoBorrower's Email Address"},{"FieldId":"EDISCLOSEDTRK.CoBorrowerIPAddressAccepted.{0}","Format":101,"Description":"eDisclosure IP Address CoBorrowers Accepted Consent Form"},{"FieldId":"EDISCLOSEDTRK.CoBorrowerIPAddressAuthenticated.{0}","Format":101,"Description":"eDisclosure IP Address CoBorrowers Authenticated"},{"FieldId":"EDISCLOSEDTRK.CoBorrowerIPAddressESigned.{0}","Format":101,"Description":"eDisclosure IP Address CoBorrowers eSigned Disclosures"},{"FieldId":"EDISCLOSEDTRK.CoBorrowerIPAddressRejected.{0}","Format":101,"Description":"eDisclosure IP Address CoBorrowers Rejected Consent Form"},{"FieldId":"EDISCLOSEDTRK.CoBorrowerName.{0}","Format":101,"Description":"eDisclosure CoBorrower's Name"},{"FieldId":"EDISCLOSEDTRK.Comments.{0}","Format":101,"Description":"Disclosure Comments"},{"FieldId":"EDISCLOSEDTRK.DateTimeFulfilled.{0}","Format":304,"Description":"eDisclosure Date Time Fulfilled"},{"FieldId":"EDISCLOSEDTRK.DisclosureMethod.{0}","Format":101,"Description":"Disclosure Method"},{"FieldId":"EDISCLOSEDTRK.FulfilledBy.{0}","Format":101,"Description":"Disclosure Fullfilled By"},{"FieldId":"EDISCLOSEDTRK.FulfillmentComment.{0}","Format":101,"Description":"eDisclosure Fulfillment Comment"},{"FieldId":"EDISCLOSEDTRK.FulfillmentMethod.{0}","Format":101,"Description":"eDisclosure Fulfillment Method"},{"FieldId":"EDISCLOSEDTRK.FulfillmentOrderedBy.{0}","Format":101,"Description":"eDisclosure Fulfillment Fullfilled By"},{"FieldId":"EDISCLOSEDTRK.LoanOriginatorDateESigned.{0}","Format":304,"Description":"eDisclosure Date Loan Originator eSigned Disclosures"},{"FieldId":"EDISCLOSEDTRK.LoanOriginatorDateViewMessage.{0}","Format":304,"Description":"eDisclosure Date Loan Originator Viewed Message"},{"FieldId":"EDISCLOSEDTRK.LoanOriginatorIPAddressESigned.{0}","Format":101,"Description":"eDisclosure IP Address Loan Originator eSigned Disclosures"},{"FieldId":"EDISCLOSEDTRK.LoanOriginatorName.{0}","Format":101,"Description":"eDisclosure Loan Originator's Name"},{"FieldId":"EDISCLOSEDTRK.SentDate.{0}","Format":304,"Description":"eDisclosure Date Time Sent"},{"FieldId":"LoanTeamMember.AssociateType.{0}","Format":101,"Description":"Loan Team Member Type","Options":[{"Text":"User","Value":"User"},{"Text":"Group","Value":"Group"}]},{"FieldId":"LoanTeamMember.Cell.{0}","Format":101,"Description":"Loan Team Member Cell Phone"},{"FieldId":"LoanTeamMember.Email.{0}","Format":101,"Description":"Loan Team Member Email"},{"FieldId":"LoanTeamMember.Fax.{0}","Format":101,"Description":"Loan Team Member Fax"},{"FieldId":"LoanTeamMember.LoanAssociateAccess.{0}","Format":102,"Description":"Loan Team Member Access"},{"FieldId":"LoanTeamMember.Name.{0}","Format":101,"Description":"Loan Team Member Name"},{"FieldId":"LoanTeamMember.Phone.{0}","Format":101,"Description":"Loan Team Member Phone"},{"FieldId":"LoanTeamMember.UserID.{0}","Format":101,"Description":"Loan Team Member User ID"},{"FieldId":"Log.Alert.ActivatedBy.{0}","Format":101,"Description":"Alert Activated By"},{"FieldId":"Log.Alert.ClearedBy.{0}","Format":101,"Description":"Alert Cleared By"},{"FieldId":"Log.Alert.DateActivated.{0}","Format":304,"Description":"Alert Activation Date/Time"},{"FieldId":"Log.Alert.DateCleared.{0}","Format":304,"Description":"Alert Cleared Date/Time"},{"FieldId":"Log.MS.Comments.{0}","Format":101,"Description":"Milestone Comments"},{"FieldId":"Log.MS.Date.{0}","Format":301,"Description":"Milestone Date"},{"FieldId":"Log.MS.DateTime.{0}","Format":304,"Description":"Milestone Date/Time"},{"FieldId":"Log.MS.Duration.{0}","Format":201,"Description":"Milestone Duration"},{"FieldId":"Log.MS.ExpectedDate.{0}","Format":301,"Description":"Milestone Expected Completion Date"},{"FieldId":"Log.MS.Status.{0}","Format":101,"Description":"Milestone Status","Options":[{"Text":"Expected","Value":"Expected"},{"Text":"Achieved","Value":"Achieved"}]},{"FieldId":"Log.MS.TPOConnectStatus.{0}","Format":101,"Description":"Milestone TPO Connect Status"},{"FieldId":"PostCondition.AddedBy.{0}","Format":101,"Description":"Post-Condition Added By"},{"FieldId":"PostCondition.ClearedBy.{0}","Format":101,"Description":"Post-Condition Cleared By"},{"FieldId":"PostCondition.Comments.{0}","Format":101,"Description":"Post-Condition Comments"},{"FieldId":"PostCondition.DateAdded.{0}","Format":301,"Description":"Post-Condition Date Added"},{"FieldId":"PostCondition.DateCleared.{0}","Format":301,"Description":"Post-Condition Date Cleared"},{"FieldId":"PostCondition.DateExpected.{0}","Format":301,"Description":"Post-Condition Date Expected"},{"FieldId":"PostCondition.DateReceived.{0}","Format":301,"Description":"Post-Condition Date Received"},{"FieldId":"PostCondition.DateRequested.{0}","Format":301,"Description":"Post-Condition Date Requested"},{"FieldId":"PostCondition.DateRerequested.{0}","Format":301,"Description":"Post-Condition Date Rerequested"},{"FieldId":"PostCondition.DateSent.{0}","Format":301,"Description":"Post-Condition Date Sent"},{"FieldId":"PostCondition.Description.{0}","Format":101,"Description":"Post-Condition Description"},{"FieldId":"PostCondition.IsCleared.{0}","Format":102,"Description":"Post-Condition Is Cleared"},{"FieldId":"PostCondition.IsReceived.{0}","Format":102,"Description":"Post-Condition Is Received"},{"FieldId":"PostCondition.IsRequested.{0}","Format":102,"Description":"Post-Condition Is Requested"},{"FieldId":"PostCondition.IsRerequested.{0}","Format":102,"Description":"Post-Condition Is Rerequested"},{"FieldId":"PostCondition.IsSent.{0}","Format":102,"Description":"Post-Condition Is Sent"},{"FieldId":"PostCondition.ReceivedBy.{0}","Format":101,"Description":"Post-Condition Received By"},{"FieldId":"PostCondition.Recipient.{0}","Format":101,"Description":"Post-Condition Recipient"},{"FieldId":"PostCondition.RequestedBy.{0}","Format":101,"Description":"Post-Condition Requested By"},{"FieldId":"PostCondition.RequestedFrom.{0}","Format":101,"Description":"Post-Condition Requested From"},{"FieldId":"PostCondition.RerequestedBy.{0}","Format":101,"Description":"Post-Condition Rerequested By"},{"FieldId":"PostCondition.SentBy.{0}","Format":101,"Description":"Post-Condition Sent By"},{"FieldId":"PostCondition.Source.{0}","Format":101,"Description":"Post-Condition Source"},{"FieldId":"PostCondition.Status.{0}","Format":101,"Description":"Post-Condition Status"},{"FieldId":"PostCondition.Title.{0}","Format":101,"Description":"Post-Condition Title"},{"FieldId":"PreliminaryCondition.AddedBy.{0}","Format":101,"Description":"Preliminary Condition Added By"},{"FieldId":"PreliminaryCondition.Category.{0}","Format":101,"Description":"Preliminary Condition Category"},{"FieldId":"PreliminaryCondition.Comments.{0}","Format":101,"Description":"Preliminary Condition Comments"},{"FieldId":"PreliminaryCondition.DateAdded.{0}","Format":301,"Description":"Preliminary Condition Date Added"},{"FieldId":"PreliminaryCondition.DateFulfilled.{0}","Format":301,"Description":"Preliminary Condition Date Fulfilled"},{"FieldId":"PreliminaryCondition.Description.{0}","Format":101,"Description":"Preliminary Condition Description"},{"FieldId":"PreliminaryCondition.Fulfilled.{0}","Format":102,"Description":"Preliminary Condition Is Fulfilled"},{"FieldId":"PreliminaryCondition.FulfilledBy.{0}","Format":101,"Description":"Preliminary Condition Fulfilled By"},{"FieldId":"PreliminaryCondition.PriorTo.{0}","Format":101,"Description":"Preliminary Condition Prior To"},{"FieldId":"PreliminaryCondition.Status.{0}","Format":101,"Description":"Preliminary Condition Status"},{"FieldId":"PreliminaryCondition.Title.{0}","Format":101,"Description":"Preliminary Condition Title"},{"FieldId":"Task.AddedBy.{0}","Format":101,"Description":"Task Creator"},{"FieldId":"Task.Comments.{0}","Format":101,"Description":"Task Comments"},{"FieldId":"Task.Completed.{0}","Format":102,"Description":"Task Completed"},{"FieldId":"Task.CompletedBy.{0}","Format":101,"Description":"User Who Completed Task"},{"FieldId":"Task.ContactCount.{0}","Format":201,"Description":"Number of Task Contacts"},{"FieldId":"Task.DateAdded.{0}","Format":301,"Description":"Date Task Added"},{"FieldId":"Task.DateCompleted.{0}","Format":301,"Description":"Date Task Completed"},{"FieldId":"Task.Description.{0}","Format":101,"Description":"Task Description"},{"FieldId":"Task.Milestone.{0}","Format":101,"Description":"Task Milestone"},{"FieldId":"Task.Name.{0}","Format":101,"Description":"Task Name"},{"FieldId":"Task.Priority.{0}","Format":101,"Description":"Task Priority","Options":[{"Text":"Low","Value":"Low"},{"Text":"Normal","Value":"Normal"},{"Text":"High","Value":"High"}]},{"FieldId":"Task.Required.{0}","Format":102,"Description":"Task Required Flag"}]